0,0,0,0,0,0,0.0953964249239645,0,0,0,0,0,0,0.461125897910619,0,0,0.00517358633005253,0,0,0,0,0,0.0147478604703223,0,0,0,0,0,0.288974282961712,0.110834379375091,0,0,0,0,0,0,0.00153450613240746,0,0,0,0,0,0,0,0,0,0,0,0,0,0,0,0,0,0,0,0,0,0,0,0,0,0,0,0,0,0,0,0,0,0,0,0,0,0,0,0,0,0,0,0,0
0,0,0,0,0,0,0,0,0.0676162138443191,0,0,0,0.0109128943650872,0,0,0,0,0,0,0,0,0.414767075217198,0,0.269040908222552,0.666755160493573,0,0.195436245441135,0,0,0,0,0,0,0,0,0,0,0,0,0,0,0,0.900068799728306,0,0,0,0,0,0,0,0,0,0,0.0511895437895656,0,0,0.0214510274588946,0,0,0,0,0,0.0157917721718687,0,0.0184491417815142,0.0355574128380334,0,0.0370731623388079,0,0,0,0.0103592989837497,0,0,0,0,0,0,0,0,0,0
0,0,0,0,0,0,0,0,0,0,0,0,0,0,0,0,0.0252416386281812,0,0,0,0.0142957085883784,0,1.60186917980371,0,0,1.1474976421771,0.527966345481217,0.00548986417767926,0,0,0,0,0,0,0,0,0,0,0,0,0,0,0,0,0,0,0,0,0,0,0,0,0,0,0,0,0,0,0,0,0,0,0,0,0,0,0,0,0,0,0,0,0,0,0,0,0,0,0,0,0,0
0,0,0,0,0,0,0,0,0.0915864378142621,0.0524081303594433,0,0.158244847210267,0,0,0,0,0,0,0,1.39447267806622,0,0,0,0.404535034052404,0,0,0,0.7430097660451,0,0,0,0,0,0,0,0,0.00815696778526328,0.003955370554583,0.00204960696734413,0.00290485785651658,0,0,0,0,0.0704064970446319,0.00221189825339438,0,0,0,0.0369874041843212,0.00601301246551355,0,0.00804025879757692,0,0,0,0,0,0,0,0.0983907943922107,0,0,0,0.0184333555547693,0,0,0,0.109364688825922,0,0,0,0,0,0,0,0,0.00448831305300171,0,0.00181223023686006,0,0
0,0,0,0,0,0.140326214036755,0,0,0.0320779919819216,0,0,0.00171147777022293,0,0,0.319039444631976,0,0,0,0,0,0,0,0,0.0444399035767333,0,0,0,0.00415195662695973,0,0,0,0,0,0.0250028795156983,0,0,0,0,0.280493968883525,0.633378100139494,0,0,0,0,0.00258593060161594,0,0,0,0,0,0,0,0,0,0,0,0,0,0,0,0,0,0,0,0,0,0,0,0,0,0,0,0,0,0,0,0,0,0,0,0,0
0,0,0,0,0.140326214036755,0,0.04526230699837,0.42829857191045,0.00462661368213346,0.383017842214589,0,0.267873952267279,0.00333263076289212,0.00871333457424677,0.0401022610426272,0,0,0.00188007041068199,0,0,0,0,0,0,0,0,0,0.00108832630690645,0.00881216309184314,0,0,0.0822526875807955,0,0.0121938823521088,0.00953158908223202,0,0.0557174992573954,0,0.0916382747755929,0.0112057970624563,0,0,0,0,0,0,0,0,0,0,0,0,0,0,0,0,0,0,0,0,0,0,0,0,0,0,0,0,0,0,0,0,0,0,0,0,0,0,0,0,0,0
0.0953964249239645,0,0,0,0,0.04526230699837,0,0.0470824594819218,0,0.406746800908063,0,0,0,0.382226488710825,0,0,0.0114037901145105,0,0,0,0.00836938900486092,0,0.154444065771847,0,0,0,0,1.19858568846572,0.0178801982031009,0.328768797373026,0,0,0.0162971101148277,0,0,0,0.503442280353795,0.077245026642539,0,0,0,0,0,0,0,0,0,0,0,0,0,0,0,0,0,0,0,0,0,0,0,0,0,0,0,0,0,0,0,0,0,0,0,0,0,0,0,0,0,0,0,0
0,0,0,0,0,0.42829857191045,0.0470824594819218,0,0,0.136534575309525,0,0.00427627761522884,0,0.337564621234146,0,0,0.0244922681995697,0,0,0,0.0040655239594094,0,0.0202080908259346,0,0,0.00438018636417261,0.000829762079916122,0.0645957205563372,0.0414062255275311,0,0,0.0260701631137939,0.00778923066621431,0.0162915786049917,0,0,0.320699724839261,0.00638318867318854,0,0,0,0,0,0,0,0,0,0,0,0,0,0,0,0,0,0,0,0,0,0,0,0,0,0,0,0,0,0,0,0,0,0,0,0,0,0,0,0,0,0,0,0
0,0.0676162138443191,0,0.0915864378142621,0.0320779919819216,0.00462661368213346,0,0,0,0,0,0.253719903969024,0,0,0.159759778422721,0,0,0,0,0.024184587673109,0,0.648696850703199,0,0.681541738708644,0.0677546173777411,0,0.0840810352679635,0.012326189806546,0.00104444079816339,0,0.0494413000177142,0,0,0,0,0,0.017155772884508,0,0.0802010681650656,0.0150522703921786,0,0,0.00253677997816217,0,0.107789317401482,0,0,0,0,0.424865862374275,0.00979427453327608,0,0.0184474486409936,0.00812174331050624,0,0.0140475027027851,0,0,0,0,0.0528544605510023,0,0.0642307097314614,0,0.0626729955185595,0,0,0.00250390807146102,0.0150810308240903,0,0,0.0160654259964827,0,0,0,0,0,0,0,0.00224245248158021,0,0
0,0,0,0.0524081303594433,0,0.383017842214589,0.406746800908063,0.136534575309525,0,0,0.000803538524546143,0.193435036040298,0,0.166048709897553,0,0,0,0.00537417491298708,0.00318766538602031,0.0343034715142168,0,0,0,0.00449398990087844,0,0.00463764790308939,0,0.214452021501858,0.0917977091597999,0,0,0.00325930916041731,0.00894579953774549,0.0379729207094672,0,0,0.175466757074553,0.00117167990193707,0.00881452602751641,0.00708749328141984,0,0,0,0,0.0127230868097589,0,0,0,0,0,0.0185095796096617,0,0.00293522326485277,0,0,0,0,0,0,0,0.0238742977589369,0,0,0,0,0,0,0,0.124746287210612,0,0,0,0,0,0,0.0012211317461752,0,0.0594682363553585,0,0.00647606698791468,0.00538744075075975,0
0,0,0,0,0,0,0,0,0,0.000803538524546143,0,0.0398766164031594,0.18422623315973,0,0,0,0,0.509348440703505,0.135764014882078,0.00121007875137808,0,0,0,0,0,0.11751263594904,0,0,0.00559120697418583,0,0,0,0,0.398830553739047,0,0.00251735096928001,0.12264828931786,0,0.00159172405493728,0,0,0,0,0,0,0,0,0,0,0,0,0,0,0,0,0,0,0,0,0,0,0,0,0,0,0,0,0,0,0,0,0.00729215857380925,0,0,0,0.00500585463769977,0.00353124723487494,0.00835608232277934,0,0,0,0
0,0,0,0.158244847210267,0.00171147777022293,0.267873952267279,0,0.00427627761522884,0.253719903969024,0.193435036040298,0.0398766164031594,0,0.00291282339848733,0.00425499808859036,0.0463747569534936,0,0,0.00566277815718196,0,0.397871022759567,0,0,0,0.0878658386533925,0,0.00589443742017992,0,0.00149703451929884,0.0426170475385281,0,0,0.00383174273412461,0,0.0432750613102592,0,0,0.439724858966128,0,0.0392955968307999,0.0250240349885791,0,0,0,0,0.039524797725522,0.0013137218915741,0,0,0,0.0112994895831603,0.0202301293255431,0,0.0211432741954182,0,0,0,0,0,0,0,0.0759463870039022,0,0,0,0.00836258282464503,0,0,0,0.0537839034273027,0,0,0,0,0,0,0,0,0.0235507125082761,0,0.00126875600931512,0,0
0,0.0109128943650872,0,0,0,0.00333263076289212,0,0,0,0,0.18422623315973,0.00291282339848733,0,0,0,0,0,0,0,0,0,0,0,0,0.335753069763146,0.00136014648091428,0.0877515664610039,0,0.00706481671640743,0,0.0255903679834436,0.0075362497444435,0,0.0547020048095004,0.00696908602809081,0.0475785942118267,0.186004581604617,0.00340288067135871,0.00969555052874389,0.0705569730081987,0.263563493701623,0,0.0212578252369003,0,0,0,0,0,0,0,0,0.0148199074086258,0,0.176067009356709,0,0,0,0,0,0,0,0,0,0,0,0.00671500405595777,0,0.00747468476333135,0,0,0,0.309177169944345,0,0,0,0.032960053146183,0.0402270396342455,0,0,0,0,0.0504962378659479
0.461125897910619,0,0,0,0,0.00871333457424677,0.382226488710825,0.337564621234146,0,0.166048709897553,0,0.00425499808859036,0,0,0,0,0.126643720200917,0,0,0,0.00566698910133843,0,0.197353167180422,0,0,0.0187941538205362,0.00178896747306138,0.0355917364237741,0.261915348015042,0.135072225962772,0,0.0770600575574668,0.00579110046786939,0.0102020751883657,0,0,0.0691342894130915,0,0,0,0,0,0,0,0,0,0,0,0,0,0,0,0,0,0,0,0,0,0,0,0,0,0,0,0,0,0,0,0,0,0,0,0,0,0,0,0,0.00276854257218419,0,0,0,0
0,0,0,0,0.319039444631976,0.0401022610426272,0,0,0.159759778422721,0,0,0.0463747569534936,0,0,0,0,0,0,0,0,0,0,0,0.113164567428893,0,0,0.000522100382454886,0.0034645520476121,0,0,0,0.0818962190050269,0,0,0.00927944420236394,0,0,0,0.450096940849235,0.0116153467888179,0,0,0,0,0,0,0,0,0,0,0,0,0,0,0,0,0,0,0,0,0,0,0,0,0,0,0,0,0.000656515052241327,0,0,0,0,0,0,0.00180209514019288,0,0,0,0,0,0
0,0,0,0,0,0,0,0,0,0,0,0,0,0,0,0,0,0,0,0,0.0521243394618531,0.209614562724392,0.102218132543912,0.0578848581889047,0,0,0.153553295204102,0.00699456686151374,0,0,0,0,0,0,0.139724744713573,0.0414138716207192,0.00186066291277404,0.0359907388744577,0.0123846684140157,0.00461559726127792,0,0,0,0,0,0,0,0,0,0,0,0,0,0,0,0,0.841180048614089,0,0,0,0,0.00122862787716748,0.00172003070442082,0.16326973712016,0.0244838634332292,0,0,0.021508372936063,0,0,0,0,0,0,0,0.125004189597281,0,0,0.172018889613753,0,0,0
0.00517358633005253,0,0.0252416386281812,0,0,0,0.0114037901145105,0.0244922681995697,0,0,0,0,0,0.126643720200917,0,0,0,0,0.882325272900432,0,0.00245573790767629,0,0.714509406547898,0,0,0.241407745948805,0.1705721723069,0.00169729034092268,0.198103182911935,0.110180057643619,0,0,0.0289344797852784,0.335662608378507,0.0013599776298511,0.00255869662837926,0.26219128132238,0.0241164871627773,0,0,0,0,0,0,0,0,0,0,0,0,0,0,0,0,0,0,0,0.0021527121419195,0,0.0187937468627266,0,0,0,0.00120772661308753,0.0017339193710416,0,0.0498095497820819,0.0528016129573424,0,0,0,0,0,0,0,0.0262693313756663,0.00196832071833801,0.00343252358255415,0.0243430004824961,0,0,0
0,0,0,0,0,0.00188007041068199,0,0,0,0.00537417491298708,0.509348440703505,0.00566277815718196,0,0,0,0,0,0,0.312345100075856,0,0,0,0,0,0,0.0112879348931568,0.0114309125027378,0,0,0,0,0,0,0.0185218538140648,0.0354498500868555,0.0594702099646352,0.370558953818691,0.225141322542096,0,0,0,0,0,0,0,0,0,0,0,0,0,0,0,0,0,0,0,0,0,0.00587036599271538,0,0,0,0,0,0,0,0,0,0,0,0,0,0,0,0,0,0,0,0,0,0
0,0,0,0,0,0,0,0,0,0.00318766538602031,0.135764014882078,0,0,0,0,0,0.882325272900432,0.312345100075856,0,0,0,0,0,0,0,0.125835093827064,0.00162077609739453,0,0.000955009186318555,0,0,0,0,0.454109828513306,0.00298075773621397,0.0111800032730169,0.912838224980762,0.114364375949823,0,0,0,0,0,0,0,0,0,0,0,0,0,0,0,0,0,0,0,0,0,0.0100260569797302,0,0,0,0,0,0,0.00274609454129876,0.00688533245876168,0,0,0,0,0,0,0,0.00302628991202106,0,0.00633039247487511,0.0237522978230568,0,0,0
0,0,0,1.39447267806622,0,0,0,0,0.024184587673109,0.0343034715142168,0.00121007875137808,0.397871022759567,0,0,0,0,0,0,0,0,0,0,0,0.102751616429447,0,0,0,0.0222374905001495,0,0,0,0,0,0,0,0,0.0256088410634274,0,0,0.00793458686083309,0,0,0,0,0.0215865351689398,0,0,0,0,0,0.0261703224742163,0.00407424237542123,0.0111525416713352,0,0,0,0,0,0,0,0.155961187153226,0,0,0,0.00506556898032988,0,0,0,0.0726658711559491,0,0,0,0,0,0,0,0,0.0790398078819456,0,0,0,0
0,0,0.0142957085883784,0,0,0,0.00836938900486092,0.0040655239594094,0,0,0,0,0,0.00566698910133843,0,0.0521243394618531,0.00245573790767629,0,0,0,0,0,1.55713385345593,0.0409638444828358,0,0.00955023502508731,0.00108444839111352,0.463520324170776,0,0.370085745394392,0,0,0,0.0381269784206866,0.263863566112341,0.000875668902502939,0.1644188905475,0.241407544507439,0.100459544174384,0.00569655145923112,0,0,0,0,0,0,0,0,0,0,0,0,0,0,0,0,0,0,0,0.000841351738425859,0,0,0,0,0,0,0,0.000472761404465183,0,0,0,0,0,0,0,0.000828704657553105,0,0,0.0441702109014395,0.00140270867079758,0,0
0,0.414767075217198,0,0,0,0,0,0,0.648696850703199,0,0,0,0,0,0,0.209614562724392,0,0,0,0,0,0,0,0.274481184940307,0.00319239205474217,0,0.127586542521922,0,0,0,0.0157770818475678,0,0,0,0,0,0,0,0,0,0,0,0.0101747319656142,0,0,0,0,0,0,0,0,0,0,0.0216070677008063,0,0,0.0379113538915337,0,0,0,0,0,0.318471864288876,0,0.0450088522192264,0.00805891218126198,0,0.025540639324323,0,0,0,0.0043956188569967,0,0,0,0,0,0,0,0,0,0
0.0147478604703223,0,1.60186917980371,0,0,0,0.154444065771847,0.0202080908259346,0,0,0,0,0,0.197353167180422,0,0.102218132543912,0.714509406547898,0,0,0,1.55713385345593,0,0,0.0146762702821685,0,0.178271706781332,0.136788079068576,0.0623659873595628,0.00961773927318297,0.474743854947049,0,0,0.00596022715628456,0.0716192862954048,0.499015313744299,0.0499862933836304,0.223822352773088,0.166606970385347,0.03020607655056,0.00786512330759369,0,0,0,0,0,0,0,0,0,0,0,0,0,0,0,0,0.0875671980302333,0.00463296742453614,0,0.0024811866740235,0,0.00409569474688825,0,0.12094284429345,0,0,0,0.00316617920832849,0.00300624835507178,0,0,0,0,0,0,0.0228353906804315,0.0197187238513614,0.000626787977281463,0.0339403890020342,0.000711272690235948,0,0
0,0.269040908222552,0,0.404535034052404,0.0444399035767333,0,0,0,0.681541738708644,0.00449398990087844,0,0.0878658386533925,0,0,0.113164567428893,0.0578848581889047,0,0,0,0.102751616429447,0.0409638444828358,0.274481184940307,0.0146762702821685,0,0.0631790250826182,0,0.162353410916387,0.160013318004463,0,0,0.0033787232720693,0,0,0,0.00389845283243966,0.00523474178114015,0,0,0.0273506466082206,0.00373126689970802,0,0,0,0,0.00201060522560902,0,0,0,0,0.0444945442760603,0,0,0,0.00172370732089834,0,0.00508605945052518,0.108163767800814,0,0,0,0,0.00405803135125172,0.00489408205792992,0,0.453029749345652,0,0,0.00779329337617191,0.0251468271496892,0,0,0.00837078682956026,0,0,0,0.0917677614298331,0,0.00645251794550941,0,0,0,0
0,0.666755160493573,0,0,0,0,0,0,0.0677546173777411,0,0,0,0.335753069763146,0,0,0,0,0,0,0,0,0.00319239205474217,0,0.0631790250826182,0,0,0.17456894666083,0,0,0,0,0,0,0,0,0.00965430652909285,0,0,0,0,0.110312860874599,0,0.0522401990104487,0,0,0,0,0,0,0,0,0,0,0.136304695667422,0,0,0,0,0,0,0,0,0,0,0,0.125257325319125,0,0.00144426626279752,0,0,0,0.0126452169728627,0,0,0,0,0,0,0,0,0,0.00858871171375006
0,0,1.1474976421771,0,0,0,0,0.00438018636417261,0,0.00463764790308939,0.11751263594904,0.00589443742017992,0.00136014648091428,0.0187941538205362,0,0,0.241407745948805,0.0112879348931568,0.125835093827064,0,0.00955023502508731,0,0.178271706781332,0,0,0,0.430066410532903,0.00162551129819648,0,0,0.018372797531564,0,0,0.00659869102324861,0.0154987341619629,0.209153989603375,0.177640489831313,0.0607037667400736,0,0,0,0,0,0,0,0,0,0,0,0,0,0,0,0.0153029221095031,0,0,0,0,0.0119571236904383,0.0407686156358455,0,0,0,0,0,0,0.0131911960058215,0.0248355512349978,0,0,0,0.0595622256839496,0,0,0,0.00757478879790404,0.0461115436042711,0,0.00195104142734006,0,0,0
0,0.195436245441135,0.527966345481217,0,0,0,0,0.000829762079916122,0.0840810352679635,0,0,0,0.0877515664610039,0.00178896747306138,0.000522100382454886,0.153553295204102,0.1705721723069,0.0114309125027378,0.00162077609739453,0,0.00108444839111352,0.127586542521922,0.136788079068576,0.162353410916387,0.17456894666083,0.430066410532903,0,0.00121267837114225,0,0,0.0134021384601715,0,0,0,0.105421892867834,0.058510041997716,0.205952600176989,0.0714871070978392,0.00894020498185065,0.00298294678009209,0,0,0.037767086995977,0,0,0,0,0,0,0.0339922377906673,0,0,0,0.014911436155231,0,0,0.0662977145852192,0.0433406432612368,0.00510028785303877,0.0551456530215273,0,0.00158320330523032,0.00175929923201848,0.00986441165475939,0.047952143152664,0.031824562010529,0.0378593763812594,0.841376616986587,0,0,0,0.0547447136812824,0,0,0,0.0468203304324776,0.0118783118391864,0.0250953318900089,0.0647221306105345,0.000577157232449081,0,0
0,0,0.00548986417767926,0.7430097660451,0.00415195662695973,0.00108832630690645,1.19858568846572,0.0645957205563372,0.012326189806546,0.214452021501858,0,0.00149703451929884,0,0.0355917364237741,0.0034645520476121,0.00699456686151374,0.00169729034092268,0,0,0.0222374905001495,0.463520324170776,0,0.0623659873595628,0.160013318004463,0,0.00162551129819648,0.00121267837114225,0,0.124039402465189,0.240695205505845,0,0,0.00991197815349335,0.00159345982728442,0.247746124686553,0.0218686095942317,0.272815343405471,0.144371978527384,0.0251068009041823,0,0,0,0,0,0.0104995532782973,0,0,0,0,0.0359261018477283,0.000581446852362646,0,0,0,0,0,0.000674964299344422,0,0,0,0.00981674491035319,0.000664374402344119,0,0.000487828717798421,0.162725397613574,0,0,0,0.089725675042576,0,0,0,0,0,0,0.0477383960419953,0.00184020011455649,0.00663339269423233,0.00657151367968734,0.00550834794396043,0.000644925904524463,0
0.288974282961712,0,0,0,0,0.00881216309184314,0.0178801982031009,0.0414062255275311,0.00104444079816339,0.0917977091597999,0.00559120697418583,0.0426170475385281,0.00706481671640743,0.261915348015042,0,0,0.198103182911935,0,0.000955009186318555,0,0,0,0.00961773927318297,0,0,0,0,0.124039402465189,0,0.404947409383911,0,0.00975265255466583,0.375974241243248,0.200946725586098,0,0,0.113317570011815,0,0,0.0124553947561507,0,0,0,0,0,0,0,0,0,0,0,0,0.00352843794520037,0,0,0,0,0,0,0,0,0,0,0,0,0,0,0,0.00463664756993133,0,0,0,0,0,0,0,0,0.00173332463971063,0,0.00493636434854036,0,0
0.110834379375091,0,0,0,0,0,0.328768797373026,0,0,0,0,0,0,0.135072225962772,0,0,0.110180057643619,0,0,0,0.370085745394392,0,0.474743854947049,0,0,0,0,0.240695205505845,0.404947409383911,0,0,0,0.032752182676577,0.112214120553692,0,0,0.025970861308785,0,0,0,0,0,0,0,0,0,0,0,0,0,0,0,0,0,0,0,0,0,0,0,0,0,0,0,0,0,0,0,0,0,0,0,0,0,0,0,0,0,0,0,0,0
0,0,0,0,0,0,0,0,0.0494413000177142,0,0,0,0.0255903679834436,0,0,0,0,0,0,0,0,0.0157770818475678,0,0.0033787232720693,0,0.018372797531564,0.0134021384601715,0,0,0,0,0,0,0,0,0.10392025459051,0.00329867163576572,0,0,0,0,0,0.00467782116966432,0,0,0,0,0,0,0,0,0,0,0.367152823237153,0,0,0,0,0,0,0,0,0,0,0,0,0,0.0836173407087943,0,0,0,1.18677636764753,0,0,0,0,0,0,0,0,0,0
0,0,0,0,0,0.0822526875807955,0,0.0260701631137939,0,0.00325930916041731,0,0.00383174273412461,0.0075362497444435,0.0770600575574668,0.0818962190050269,0,0,0,0,0,0,0,0,0,0,0,0,0,0.00975265255466583,0,0,0,0,0.351965338271408,0.0184287583432222,0,0,0,0.0990987265594508,0.611054442653208,0,0,0,0,0,0,0,0,0,0,0,0,0,0,0,0,0,0,0,0,0,0,0,0,0,0,0,0,0,0,0,0,0,0,0,0,0,0,0,0,0,0
0,0,0,0,0,0,0.0162971101148277,0.00778923066621431,0,0.00894579953774549,0,0,0,0.00579110046786939,0,0,0.0289344797852784,0,0,0,0,0,0.00596022715628456,0,0,0,0,0.00991197815349335,0.375974241243248,0.032752182676577,0,0,0,0.147987547399225,0,0,0.277346746325729,0,0,0,0,0,0,0,0,0,0,0,0,0,0,0,0,0,0,0,0,0,0,0,0,0,0,0,0,0,0,0,0,0,0,0,0,0,0,0,0,0,0,0,0,0
0,0,0,0,0.0250028795156983,0.0121938823521088,0,0.0162915786049917,0,0.0379729207094672,0.398830553739047,0.0432750613102592,0.0547020048095004,0.0102020751883657,0,0,0.335662608378507,0.0185218538140648,0.454109828513306,0,0.0381269784206866,0,0.0716192862954048,0,0,0.00659869102324861,0,0.00159345982728442,0.200946725586098,0.112214120553692,0,0.351965338271408,0.147987547399225,0,0,0,0.399925871608871,0,0,0.00128857170057562,0,0,0,0,0,0,0,0,0,0,0,0,0.000872497993114855,0,0,0,0,0,0,0,0,0,0,0,0,0,0,0,0,0,0,0,0,0,0,0,0,0,0,0,0,0
0,0,0,0,0,0.00953158908223202,0,0,0,0,0,0,0.00696908602809081,0,0.00927944420236394,0.139724744713573,0.0013599776298511,0.0354498500868555,0.00298075773621397,0,0.263863566112341,0,0.499015313744299,0.00389845283243966,0,0.0154987341619629,0.105421892867834,0.247746124686553,0,0,0,0.0184287583432222,0,0,0,1.59575824398069,0.0428254320758796,0.0613719671517653,0.162785276131091,0.122677396248468,0.00219527327580661,0,0,0,0,0,0,0,0,0.00415508668672569,0,0,0.00604143016015576,0.00126182732914663,0,0,0.00815659859042034,0.190986187122051,0,0.0305223411133206,0,0.00105733727462157,0,0.0426816144258856,0.191821617282074,0,0.0373221495041834,0.0771555763230404,0.0425856955806774,0,0,0,0,0,0.00704645111064644,0.919806194853167,0.291646215368127,0.242281333295841,0.370855227346171,0.0231000466694947,0.0131021571844159,0
0,0,0,0,0,0,0,0,0,0,0.00251735096928001,0,0.0475785942118267,0,0,0.0414138716207192,0.00255869662837926,0.0594702099646352,0.0111800032730169,0,0.000875668902502939,0,0.0499862933836304,0.00523474178114015,0.00965430652909285,0.209153989603375,0.058510041997716,0.0218686095942317,0,0,0.10392025459051,0,0,0,1.59575824398069,0,0.16894059692291,0.695006639401844,0.00158058620342436,0,0.00310535654009936,0,0,0,0,0,0,0,0,0,0,0,0,0,0,0,0.00660483538751144,0.00635147604629037,0,0.00533221502559302,0,0.0122998004211973,0,0.0664794427463118,0.0519773791150391,0,0.00732673364762596,0.0176142545257873,0.0087370841243377,0,0,0,0,0,0,0.236739022472382,0.491113945381477,0.0215653681541177,0.16782647368374,0,0,0
0.00153450613240746,0,0,0.00815696778526328,0,0.0557174992573954,0.503442280353795,0.320699724839261,0.017155772884508,0.175466757074553,0.12264828931786,0.439724858966128,0.186004581604617,0.0691342894130915,0,0.00186066291277404,0.26219128132238,0.370558953818691,0.912838224980762,0.0256088410634274,0.1644188905475,0,0.223822352773088,0,0,0.177640489831313,0.205952600176989,0.272815343405471,0.113317570011815,0.025970861308785,0.00329867163576572,0,0.277346746325729,0.399925871608871,0.0428254320758796,0.16894059692291,0,0.631351449859724,0.00962989940212481,0.0494295173079406,0.235460615566016,0,0,0,0.0020911432790443,0,0,0,0,0,0.000982773452037139,0,0.0100864829325133,0.00649721007956748,0,0,0,0.135413822012949,0,0.0492749762940679,0,0,0,0.00276524201098166,0.0406000335765291,0,0.0140162068531566,0.0980156843224327,0.0201033663458933,0,0,0,0,0,0,0.0687548765238715,0.00413839959159828,0.163373577992353,0.0974790847931772,0,0.0269210688056836,0
0,0,0,0.003955370554583,0,0,0.077245026642539,0.00638318867318854,0,0.00117167990193707,0,0,0.00340288067135871,0,0,0.0359907388744577,0.0241164871627773,0.225141322542096,0.114364375949823,0,0.241407544507439,0,0.166606970385347,0,0,0.0607037667400736,0.0714871070978392,0.144371978527384,0,0,0,0,0,0,0.0613719671517653,0.695006639401844,0.631351449859724,0,0.00197646599219928,0.0872184583528945,0,0,0,0,0,0,0,0,0,0,0,0,0,0.00143491093808115,0,0,0,0.0750475339365538,0,0.0185207908823737,0,0.00279729062947247,0,0.00609492516442745,0.00265667526861022,0,0.0326193912630339,0.0432392624339504,0.00143134831729226,0,0,0,0,0,0,0.0622738921606747,0.0388109054137791,0.0100821019858711,0.136027821810775,0.00479761726873317,0.0106215073945836,0
0,0,0,0.00204960696734413,0.280493968883525,0.0916382747755929,0,0,0.0802010681650656,0.00881452602751641,0.00159172405493728,0.0392955968307999,0.00969555052874389,0,0.450096940849235,0.0123846684140157,0,0,0,0,0.100459544174384,0,0.03020607655056,0.0273506466082206,0,0,0.00894020498185065,0.0251068009041823,0,0,0,0.0990987265594508,0,0,0.162785276131091,0.00158058620342436,0.00962989940212481,0.00197646599219928,0,0.195291088629084,0.00659966507420623,0,0,0,0.00833193302831083,0,0,0,0,0,0,0,0.00150098984699836,0.0021134486148593,0,0,0,0,0,0,0,0,0,0.00453878631343915,0.00173189894772038,0,0,0,0.00277797083433488,0,0,0,0,0,0,0.00770908539989715,0,0.0270337070815624,0.0467021370083325,0.0139043518487775,0.0373653071691548,0
0,0,0,0.00290485785651658,0.633378100139494,0.0112057970624563,0,0,0.0150522703921786,0.00708749328141984,0,0.0250240349885791,0.0705569730081987,0,0.0116153467888179,0.00461559726127792,0,0,0,0.00793458686083309,0.00569655145923112,0,0.00786512330759369,0.00373126689970802,0,0,0.00298294678009209,0,0.0124553947561507,0,0,0.611054442653208,0,0.00128857170057562,0.122677396248468,0,0.0494295173079406,0.0872184583528945,0.195291088629084,0,0.00627913793437918,0,0,0,0,0,0,0,0,0,0.0152664524734556,0,0.0245356287712483,0.00142725414597997,0,0,0,0,0,0,0.0461963562667293,0,0,0,0.00273121891363704,0,0,0,0.00183562729258258,0,0,0,0,0,0,0.00993360097091308,0,0.0269289240683976,0,0.00626177375851281,0.0141031541856406,0
0,0,0,0,0,0,0,0,0,0,0,0,0.263563493701623,0,0,0,0,0,0,0,0,0,0,0,0.110312860874599,0,0,0,0,0,0,0,0,0,0.00219527327580661,0.00310535654009936,0.235460615566016,0,0.00659966507420623,0.00627913793437918,0,0,0,0,0,0,0,0,0,0,0,0,0,0,0,0,0,0,0,0,0,0,0,0,0,0,0,0,0,0,0,0,0,0,0,0,0,0,0,0,0,0
0,0,0,0,0,0,0,0,0,0,0,0,0,0,0,0,0,0,0,0,0,0,0,0,0,0,0,0,0,0,0,0,0,0,0,0,0,0,0,0,0,0,0,0,0,0,0,0.136723457239029,0,0,0,0,0,0,0.124871751163948,0,0,0.0113851068450553,0,0,0,0,0,0.00419331702202964,0,0,0,0,0.00565650575330054,0.219524986994987,0.153837997922152,0,0,0,0,0,0,0,0,0,0,0
0,0.900068799728306,0,0,0,0,0,0,0.00253677997816217,0,0,0,0.0212578252369003,0,0,0,0,0,0,0,0,0.0101747319656142,0,0,0.0522401990104487,0,0.037767086995977,0,0,0,0.00467782116966432,0,0,0,0,0,0,0,0,0,0,0,0,0,0,0,0,0,0,0.401561419878959,0,0,0,0.043071983711955,0,0,0.0161309227827235,0,0,0,0,0,0.776455529588699,0,0.108521805204532,0.441674113418917,0,0.159010889768485,0,0,0,0,0,0,0,0,0,0,0,0,0,0.0142554933696235
0,0,0,0,0,0,0,0,0,0,0,0,0,0,0,0,0,0,0,0,0,0,0,0,0,0,0,0,0,0,0,0,0,0,0,0,0,0,0,0,0,0,0,0,0,0,0,0.0231605320525166,0.00291082119209677,0,0,0,0,0,0,0,0,0.0161816789788498,0,0,0,0.0922125809433426,0,1.39761646968845,0,0,0.464048838142419,0.40988139174917,0,0,0,0,0,0,0,0,0,0.0266259543063161,0.00425170089749021,0,0,0
0,0,0,0.0704064970446319,0.00258593060161594,0,0,0,0.107789317401482,0.0127230868097589,0,0.039524797725522,0,0,0,0,0,0,0,0.0215865351689398,0,0,0,0.00201060522560902,0,0,0,0.0104995532782973,0,0,0,0,0,0,0,0,0.0020911432790443,0,0.00833193302831083,0,0,0,0,0,0,0,0,0,0,0.00801077820395763,0.229850754988267,0,0.211761056551245,0,0,0,0,0,0,0,1.3634459996835,0,0,0,0.197543622615137,0,0,0,0.637801413285566,0.000650277031715503,0,0,0,0,0.00278870108191527,0,0,0.0339554759522089,0,0,0,0
0,0,0,0.00221189825339438,0,0,0,0,0,0,0,0.0013137218915741,0,0,0,0,0,0,0,0,0,0,0,0,0,0,0,0,0,0,0,0,0,0,0,0,0,0,0,0,0,0,0,0,0,0,0.0623071560095409,0,0,0.00474057242925738,0,0,0.010925077921363,0,0,0.573482635201627,0,0,0,0,0,0,0,0,0.029733497714881,0,0,0,0.00407223956233348,0,0,0,0.0177666142333912,0,0.0622159339356071,0.00131256794024173,0,0.0306557302337847,0.016616903692854,0.565325579755372,0.902423096669696,0
0,0,0,0,0,0,0,0,0,0,0,0,0,0,0,0,0,0,0,0,0,0,0,0,0,0,0,0,0,0,0,0,0,0,0,0,0,0,0,0,0,0,0,0,0,0.0623071560095409,0,0.046316921046165,0.304394154817896,0.0046529144942934,0.534753011311894,0,0.281627639670415,0,0.01317113989284,0.110451426030089,0,0,0,0,0,0,0,0.00312128072504483,0,0,0.000601423203143903,0,0.0236289211601593,0.0125716210473239,0,0,0.0373202579187584,0,0.0028463269606629,0.00114272488573228,0,0.00719381686576556,0.00123723336210688,0.131719415681217,0.0140468411566583,0
0,0,0,0,0,0,0,0,0,0,0,0,0,0,0,0,0,0,0,0,0,0,0,0,0,0,0,0,0,0,0,0,0,0,0,0,0,0,0,0,0,0.136723457239029,0,0.0231605320525166,0,0,0.046316921046165,0,0.197898429771526,0,0.291229328988936,0,0,0,0.43793336786455,0,0,0.0107628585403731,0,0,0,0.0331803087013141,0,0.361289285170034,0,0,0.00559144049666033,0,1.09932768610419,0,0.279906586100825,0,0,0,0,0,0,0.00770649030447241,0.0021908711903215,0,0,0
0,0,0,0,0,0,0,0,0,0,0,0,0,0,0,0,0,0,0,0,0,0,0,0,0,0,0,0,0,0,0,0,0,0,0,0,0,0,0,0,0,0,0,0.00291082119209677,0,0,0.304394154817896,0.197898429771526,0,0.00317725811245999,0.280105736963981,0,0.0506206564680685,0,0.392091598605678,0.0174031372926007,0,0.00188688827814897,0,0,0,0.000691483033914957,0,0.092998897684069,0,0,0.00130325507276403,0,0.0173126605937844,0.0131937664947217,0,0,0.114303042670158,0,0.00674766357705362,0.0045967157562398,0,0.192723007353722,0.0285845771883487,0.0358869687464653,0,0
0,0,0,0.0369874041843212,0,0,0,0,0.424865862374275,0,0,0.0112994895831603,0,0,0,0,0,0,0,0,0,0,0,0.0444945442760603,0,0,0.0339922377906673,0.0359261018477283,0,0,0,0,0,0,0.00415508668672569,0,0,0,0,0,0,0,0.401561419878959,0,0.00801077820395763,0.00474057242925738,0.0046529144942934,0,0.00317725811245999,0,0.00177600696196962,0,0.135906373301287,0.00660732738953409,0,0.123003191237451,0,0,0,0,0.0434108769787846,0,0.38708583795065,0,1.01508275304153,0.155022942383013,0,0.0448920357287804,0.0419109745864399,0,0,0,0,0,0,0,0,0,0,0.0615101590520037,0,0.00533505756166694
0,0,0,0.00601301246551355,0,0,0,0,0.00979427453327608,0.0185095796096617,0,0.0202301293255431,0,0,0,0,0,0,0,0.0261703224742163,0,0,0,0,0,0,0,0.000581446852362646,0,0,0,0,0,0,0,0,0.000982773452037139,0,0,0.0152664524734556,0,0,0,0,0.229850754988267,0,0.534753011311894,0.291229328988936,0.280105736963981,0.00177600696196962,0,0,0.243025102116166,0,0.154177638115524,0,0,0,0,0,0.215768899532236,0,0,0,0,0,0,0,0.346099860847942,0.139104870272035,0,0,0.00780751921914971,0,0.128575102083449,0,0,0.062592879817747,0,0.00373110701704834,0,0
0,0,0,0,0,0,0,0,0,0,0,0,0.0148199074086258,0,0,0,0,0,0,0.00407424237542123,0,0,0,0,0,0,0,0,0,0,0,0,0,0,0,0,0,0,0,0,0,0,0,0,0,0,0,0,0,0,0,0,0.0515145370694351,0.170892447637982,0,0,0,0,0.273345758800439,0.0681602599122246,0.00571814625654178,0,0,0,0,0,0.0684253871753716,0,0,0.0357665576565612,0,0.00396954728109,0.0849331533645053,0,0.35096515491374,0.00943234484821357,0.0618133316961418,0.228084214831432,0,0,0,0.0273991804231067
0,0,0,0.00804025879757692,0,0,0,0,0.0184474486409936,0.00293522326485277,0,0.0211432741954182,0,0,0,0,0,0,0,0.0111525416713352,0,0,0,0,0,0,0,0,0.00352843794520037,0,0,0,0,0.000872497993114855,0.00604143016015576,0,0.0100864829325133,0,0.00150098984699836,0.0245356287712483,0,0,0,0,0.211761056551245,0.010925077921363,0.281627639670415,0,0.0506206564680685,0.135906373301287,0.243025102116166,0.0515145370694351,0,0,0.0186543910162391,0.0540765554972257,0,0,0,0,0.538948001090308,0,0,0,0.102777257003332,0,0.0160638615288594,0,0.0234368358415793,0.0459763150486374,0,0,0.0696627751681388,0,0.238970321348511,0,0,0.247253721984952,0,0.0354734996292006,0,0
0,0.0511895437895656,0,0,0,0,0,0,0.00812174331050624,0,0,0,0.176067009356709,0,0,0,0,0,0,0,0,0.0216070677008063,0,0.00172370732089834,0.136304695667422,0.0153029221095031,0.014911436155231,0,0,0,0.367152823237153,0,0,0,0.00126182732914663,0,0.00649721007956748,0.00143491093808115,0.0021134486148593,0.00142725414597997,0,0,0.043071983711955,0,0,0,0,0,0,0.00660732738953409,0,0.170892447637982,0,0,0,0,0,0,0,0,0,0,0.00783979118740046,0,0.00113136006881274,0.350759086625573,0,0.0117514265315785,0,0.0015851548599009,0,0.0358356365399048,0.0296624744007002,0,0.0274052805338575,0.00426823689539826,0.00221144009101778,0.0226255565453532,0,0.00123399350693211,0.00432953357431338,0.440901695618196
0,0,0,0,0,0,0,0,0,0,0,0,0,0,0,0,0,0,0,0,0,0,0,0,0,0,0,0,0,0,0,0,0,0,0,0,0,0,0,0,0,0.124871751163948,0,0,0,0,0.01317113989284,0.43793336786455,0.392091598605678,0,0.154177638115524,0,0.0186543910162391,0,0,0,0,0.0965952210659187,0,0,0,0,0,0.0756206750647588,0.00249150311860174,0,0.0125040275038423,0,0.166482992344875,0.23057624528688,0.0291733015353419,0,0.0688131686884913,0,0.0356655007814568,0,0,0.21332841465318,0.00513029382183809,0,0,0
0,0,0,0,0,0,0,0,0.0140475027027851,0,0,0,0,0,0,0,0,0,0,0,0,0,0,0.00508605945052518,0,0,0,0,0,0,0,0,0,0,0,0,0,0,0,0,0,0,0,0,0,0.573482635201627,0.110451426030089,0,0.0174031372926007,0.123003191237451,0,0,0.0540765554972257,0,0,0,0,0,0,0,0,0,0,0,0.102698220979795,0,0,0,0.00780810465918364,0,0,0,0.0354491375707366,0,0,0,0,0,0,0.27484171382954,0,0
0,0.0214510274588946,0,0,0,0,0,0,0,0,0,0,0,0,0,0.841180048614089,0,0,0,0,0,0.0379113538915337,0.0875671980302333,0.108163767800814,0,0,0.0662977145852192,0.000674964299344422,0,0,0,0,0,0,0.00815659859042034,0.00660483538751144,0,0,0,0,0,0,0.0161309227827235,0,0,0,0,0,0,0,0,0,0,0,0,0,0,0,0,0,0,0.116979697881096,0.145202621350399,0.0861418518619714,0.222754568596163,0,0,0.126258822669164,0,0,0,0,0,0,0,0.0102947407947592,0,0,0,0,0,0
0,0,0,0,0,0,0,0,0,0,0,0,0,0,0,0,0.0021527121419195,0,0,0,0,0,0.00463296742453614,0,0,0,0.0433406432612368,0,0,0,0,0,0,0,0.190986187122051,0.00635147604629037,0.135413822012949,0.0750475339365538,0,0,0,0.0113851068450553,0,0.0161816789788498,0,0,0,0.0107628585403731,0.00188688827814897,0,0,0,0,0,0.0965952210659187,0,0,0,0,0.750992572701759,0,0,0,0.261702726525545,0,0,0.0633535687951821,0.0962512551540712,0,0.0882671879564167,0.00666676554122076,0,0,0,0.304492113147325,0,0,0.437041382289289,0.0148818183632136,0,0,0
0,0,0,0,0,0,0,0,0,0,0,0,0,0,0,0,0,0,0,0,0,0,0,0,0,0.0119571236904383,0.00510028785303877,0,0,0,0,0,0,0,0,0,0,0,0,0,0,0,0,0,0,0,0,0,0,0,0,0.273345758800439,0,0,0,0,0,0,0,0.309179105037166,0,0,0,0,0,0,0.158437643038932,0,0,0,0,0,0,0,0.0348623574094997,0.00201643874762012,0.0302383256923808,0.43655993022926,0,0,0,0
0,0,0,0,0,0,0,0,0,0,0,0,0,0,0,0,0.0187937468627266,0.00587036599271538,0.0100260569797302,0,0.000841351738425859,0,0.0024811866740235,0,0,0.0407686156358455,0.0551456530215273,0,0,0,0,0,0,0,0.0305223411133206,0.00533221502559302,0.0492749762940679,0.0185207908823737,0,0,0,0,0,0,0,0,0,0,0,0,0,0.0681602599122246,0,0,0,0,0,0.750992572701759,0.309179105037166,0,0,0,0,0.00128976362292082,0,0,0.0636499686607367,0.00326044554034457,0,0,0,0,0,0,0.164244709222049,0.113556980545039,0.0124389200909324,0.716335024215552,0.189481275386955,0,0,0
0,0,0,0.0983907943922107,0,0,0,0,0.0528544605510023,0.0238742977589369,0,0.0759463870039022,0,0,0,0,0,0,0,0.155961187153226,0,0,0,0,0,0,0,0.00981674491035319,0,0,0,0,0,0,0,0,0,0,0,0.0461963562667293,0,0,0,0,1.3634459996835,0,0,0,0,0.0434108769787846,0.215768899532236,0.00571814625654178,0.538948001090308,0,0,0,0,0,0,0,0,0,0,0,0.00748133106156909,0,0,0,0.0704319037381426,0.0162302366858708,0,0,0,0,0.0400231956836212,0,0,0.114830304562943,0,0.017307672878916,0,0
0,0,0,0,0,0,0,0,0,0,0,0,0,0,0,0.00122862787716748,0,0,0,0,0,0,0.00409569474688825,0.00405803135125172,0,0,0.00158320330523032,0.000664374402344119,0,0,0,0,0,0,0.00105733727462157,0.0122998004211973,0,0.00279729062947247,0,0,0,0,0,0.0922125809433426,0,0,0,0.0331803087013141,0.000691483033914957,0,0,0,0,0,0,0,0.116979697881096,0,0,0,0,0,0,1.36816903441187,0.018593179915327,0,0,0.000716287285363251,0.238847413696552,0,0.484290286206999,0,0,0.00213668224065956,0.247690660702851,0.21846957156151,0.0013663418632598,0.363282944951611,0.482776501590418,0.0164357972003265,0,0
0,0.0157917721718687,0,0,0,0,0,0,0.0642307097314614,0,0,0,0,0,0,0.00172003070442082,0,0,0,0,0,0.318471864288876,0,0.00489408205792992,0,0,0.00175929923201848,0,0,0,0,0,0,0,0,0,0,0,0,0,0,0,0.776455529588699,0,0,0,0,0,0,0.38708583795065,0,0,0,0.00783979118740046,0,0,0.145202621350399,0,0,0,0,0,0,0,0.328130077797887,0.192363361256216,0,0.140037760722417,0,0,0,0,0,0,0,0,0,0,0,0,0,0
0,0,0,0,0,0,0,0,0,0,0,0,0,0,0,0.16326973712016,0.00120772661308753,0,0,0,0,0,0.12094284429345,0,0,0,0.00986441165475939,0.000487828717798421,0,0,0,0,0,0,0.0426816144258856,0.0664794427463118,0.00276524201098166,0.00609492516442745,0.00453878631343915,0,0,0.00419331702202964,0,1.39761646968845,0,0,0.00312128072504483,0.361289285170034,0.092998897684069,0,0,0,0,0,0.0756206750647588,0,0.0861418518619714,0.261702726525545,0,0.00128976362292082,0,1.36816903441187,0,0,0,0,0.0824823436138363,0.276670977097752,0.077329579525581,0.077013480884935,0.04791157501802,0,0,0,0.0995532260404418,0.406825012509404,0.0523222600587874,0.0517162755118491,0.409878668131847,0,0,0
0,0.0184491417815142,0,0.0184333555547693,0,0,0,0,0.0626729955185595,0,0,0.00836258282464503,0,0,0,0.0244838634332292,0.0017339193710416,0,0,0.00506556898032988,0,0.0450088522192264,0,0.453029749345652,0,0,0.047952143152664,0.162725397613574,0,0,0,0,0,0,0.191821617282074,0.0519773791150391,0.0406000335765291,0.00265667526861022,0.00173189894772038,0.00273121891363704,0,0,0.108521805204532,0,0.197543622615137,0.029733497714881,0,0,0,1.01508275304153,0,0,0.102777257003332,0.00113136006881274,0.00249150311860174,0.102698220979795,0.222754568596163,0,0,0,0.00748133106156909,0.018593179915327,0.328130077797887,0,0,0.0259705472332617,0,0.0329094727585252,0.0503124159768746,0.0111266437497649,0,0,0,0,0,0.0750329980716902,0,0.0967893183367182,0.0100437586564233,0.11825026856528,0.000898973271400071,0
0,0.0355574128380334,0,0,0,0,0,0,0,0,0,0,0.00671500405595777,0,0,0,0,0,0,0,0,0.00805891218126198,0,0,0.125257325319125,0,0.031824562010529,0,0,0,0,0,0,0,0,0,0,0,0,0,0,0,0.441674113418917,0,0,0,0,0,0,0.155022942383013,0,0,0,0.350759086625573,0,0,0,0,0,0,0,0,0.192363361256216,0,0.0259705472332617,0,0,0.119473442870826,0,0,0,0,0,0,0,0,0,0,0,0,0,0.161181889301907
0,0,0,0,0,0,0,0,0,0,0,0,0,0,0,0,0.0498095497820819,0,0.00274609454129876,0,0,0,0,0,0,0.0131911960058215,0.0378593763812594,0,0,0,0,0,0,0,0.0373221495041834,0.00732673364762596,0.0140162068531566,0.0326193912630339,0,0,0,0,0,0.464048838142419,0,0,0.000601423203143903,0.00559144049666033,0.00130325507276403,0,0,0.0684253871753716,0.0160638615288594,0,0.0125040275038423,0,0,0.0633535687951821,0.158437643038932,0.0636499686607367,0,0,0,0.0824823436138363,0,0,0,0.607852088215748,0,0,0,0.0291427196907623,0,0,0.017158623765929,0.052798023689356,0.0700336660317222,0.151692718005051,0.0408357646271836,0,0.00129041832324104,0
0,0.0370731623388079,0,0,0,0,0,0,0.00250390807146102,0,0,0,0.00747468476333135,0,0,0.021508372936063,0.0528016129573424,0,0.00688533245876168,0,0.000472761404465183,0.025540639324323,0.00316617920832849,0.00779329337617191,0.00144426626279752,0.0248355512349978,0.841376616986587,0,0,0,0.0836173407087943,0,0,0,0.0771555763230404,0.0176142545257873,0.0980156843224327,0.0432392624339504,0,0,0,0,0.159010889768485,0.40988139174917,0,0,0,0,0,0.0448920357287804,0,0,0,0.0117514265315785,0,0,0.126258822669164,0.0962512551540712,0,0.00326044554034457,0,0.000716287285363251,0.140037760722417,0.276670977097752,0.0329094727585252,0.119473442870826,0.607852088215748,0,0,0,0,0.0164464074831283,0,0,0,0.0370837434368963,0.0196664417162906,0.0756324139978331,0.0339563709262796,0.000777295951601694,0,0
0,0,0,0.109364688825922,0,0,0,0,0.0150810308240903,0.124746287210612,0,0.0537839034273027,0,0,0.000656515052241327,0,0,0,0,0.0726658711559491,0,0,0.00300624835507178,0.0251468271496892,0,0,0,0.089725675042576,0.00463664756993133,0,0,0,0,0,0.0425856955806774,0.0087370841243377,0.0201033663458933,0.00143134831729226,0.00277797083433488,0.00183562729258258,0,0.00565650575330054,0,0,0.637801413285566,0.00407223956233348,0.0236289211601593,1.09932768610419,0.0173126605937844,0.0419109745864399,0.346099860847942,0,0.0234368358415793,0,0.166482992344875,0.00780810465918364,0,0,0,0,0.0704319037381426,0.238847413696552,0,0.077329579525581,0.0503124159768746,0,0,0,0,0.236138880801009,0.262199146976354,0,0,0.00396246182228537,0.0214910185853082,0.0303237185429573,0,0.375390424938867,0.0365031886892075,0.0148048157208611,0,0
0,0,0,0,0,0,0,0,0,0,0,0,0,0,0,0,0,0,0,0,0,0,0,0,0,0,0,0,0,0,0,0,0,0,0,0,0,0,0,0,0,0.219524986994987,0,0,0.000650277031715503,0,0.0125716210473239,0,0.0131937664947217,0,0.139104870272035,0.0357665576565612,0.0459763150486374,0.0015851548599009,0.23057624528688,0,0,0.0882671879564167,0,0,0.0162302366858708,0,0,0.077013480884935,0.0111266437497649,0,0,0,0.236138880801009,0,0.122070055558686,0,0.043403762064624,0.196131849890586,0.239901319041232,0,0,0.200317313751906,0,0.0259353144709264,0,0
0,0,0,0,0,0,0,0,0,0,0,0,0,0,0,0,0,0,0,0,0,0,0,0,0,0,0,0,0,0,0,0,0,0,0,0,0,0,0,0,0,0.153837997922152,0,0,0,0,0,0.279906586100825,0,0,0,0,0,0,0.0291733015353419,0,0,0.00666676554122076,0,0,0,0.484290286206999,0,0.04791157501802,0,0,0,0,0.262199146976354,0.122070055558686,0,0,0,0.0610861157928951,0.150978672230568,0,0,0.00518176046881619,0,0,0,0
0,0.0103592989837497,0,0,0,0,0,0,0.0160654259964827,0,0.00729215857380925,0,0.309177169944345,0,0,0,0,0,0,0,0,0.0043956188569967,0,0.00837078682956026,0.0126452169728627,0.0595622256839496,0.0547447136812824,0,0,0,1.18677636764753,0,0,0,0,0,0,0,0,0,0,0,0,0,0,0,0,0,0,0,0,0.00396954728109,0,0.0358356365399048,0,0,0,0,0,0,0,0,0,0,0,0,0.0291427196907623,0.0164464074831283,0,0,0,0,0,0,0.0321121567193213,0,0.455028694934964,0.302788398068864,0.0287450025947474,0,0,0
0,0,0,0,0,0,0,0,0,0,0,0,0,0,0,0,0,0,0,0,0,0,0,0,0,0,0,0,0,0,0,0,0,0,0,0,0,0,0,0,0,0,0,0,0,0.0177666142333912,0.0373202579187584,0,0.114303042670158,0,0.00780751921914971,0.0849331533645053,0.0696627751681388,0.0296624744007002,0.0688131686884913,0.0354491375707366,0,0,0,0,0,0,0,0,0,0,0,0,0,0.043403762064624,0,0,0,0,0.376417956291263,0.0102128826166568,0,0,0,0.119111482118751,0.313787783570073,0
0,0,0,0,0,0,0,0,0,0,0,0,0,0,0,0,0,0,0,0,0,0,0,0,0,0,0,0,0,0,0,0,0,0,0,0,0,0,0,0,0,0,0,0,0,0,0,0,0,0,0,0,0,0,0,0,0,0,0,0,0,0.00213668224065956,0,0,0,0,0,0,0.00396246182228537,0.196131849890586,0.0610861157928951,0,0,0,0.435136744914104,0,0,0.0300031818699691,0,0,0,0
0,0,0,0,0,0,0,0,0,0,0,0,0,0,0,0,0,0,0,0,0,0,0,0,0,0,0,0,0,0,0,0,0,0,0.00704645111064644,0,0,0,0,0,0,0,0,0,0.00278870108191527,0.0622159339356071,0.0028463269606629,0,0.00674766357705362,0,0.128575102083449,0.35096515491374,0.238970321348511,0.0274052805338575,0.0356655007814568,0,0,0.304492113147325,0.0348623574094997,0.164244709222049,0.0400231956836212,0.247690660702851,0,0.0995532260404418,0,0,0.017158623765929,0,0.0214910185853082,0.239901319041232,0.150978672230568,0.0321121567193213,0.376417956291263,0.435136744914104,0,0.0621092487327741,0.00145704303307489,0.214088165933325,0.0190715654306858,0,0.0249522155859622,0.0327607196576305
0,0,0,0,0,0,0,0,0,0.0012211317461752,0.00500585463769977,0,0.032960053146183,0,0.00180209514019288,0.125004189597281,0.0262693313756663,0,0.00302628991202106,0,0.000828704657553105,0,0.0228353906804315,0.0917677614298331,0,0.00757478879790404,0.0468203304324776,0.0477383960419953,0,0,0,0,0,0,0.919806194853167,0.236739022472382,0.0687548765238715,0.0622738921606747,0.00770908539989715,0.00993360097091308,0,0,0,0,0,0.00131256794024173,0.00114272488573228,0,0.0045967157562398,0,0,0.00943234484821357,0,0.00426823689539826,0,0,0.0102947407947592,0,0.00201643874762012,0.113556980545039,0,0.21846957156151,0,0.406825012509404,0.0750329980716902,0,0.052798023689356,0.0370837434368963,0.0303237185429573,0,0,0,0.0102128826166568,0,0.0621092487327741,0,1.53701092246696,0.0686164005189662,0.178209089349946,0.0982840646342875,0.113289897227085,0.0151059691398616
0,0,0,0,0,0,0,0,0,0,0.00353124723487494,0,0.0402270396342455,0,0,0,0.00196832071833801,0,0,0,0,0,0.0197187238513614,0,0,0.0461115436042711,0.0118783118391864,0.00184020011455649,0,0,0,0,0,0,0.291646215368127,0.491113945381477,0.00413839959159828,0.0388109054137791,0,0,0,0,0,0,0,0,0,0,0,0,0,0.0618133316961418,0,0.00221144009101778,0,0,0,0,0.0302383256923808,0.0124389200909324,0,0.0013663418632598,0,0.0523222600587874,0,0,0.0700336660317222,0.0196664417162906,0,0,0,0.455028694934964,0,0,0.00145704303307489,1.53701092246696,0,0.103714610999119,0.31761995268344,0,0,0.0121170282979103
0,0,0,0.00448831305300171,0,0,0,0,0,0.0594682363553585,0.00835608232277934,0.0235507125082761,0,0.00276854257218419,0,0,0.00343252358255415,0,0.00633039247487511,0.0790398078819456,0,0,0.000626787977281463,0.00645251794550941,0,0,0.0250953318900089,0.00663339269423233,0.00173332463971063,0,0,0,0,0,0.242281333295841,0.0215653681541177,0.163373577992353,0.0100821019858711,0.0270337070815624,0.0269289240683976,0,0,0,0.0266259543063161,0.0339554759522089,0.0306557302337847,0.00719381686576556,0.00770649030447241,0.192723007353722,0,0.062592879817747,0.228084214831432,0.247253721984952,0.0226255565453532,0.21332841465318,0,0,0.437041382289289,0.43655993022926,0.716335024215552,0.114830304562943,0.363282944951611,0,0.0517162755118491,0.0967893183367182,0,0.151692718005051,0.0756324139978331,0.375390424938867,0.200317313751906,0.00518176046881619,0.302788398068864,0,0.0300031818699691,0.214088165933325,0.0686164005189662,0.103714610999119,0,0.852473715717025,0.0276478478208982,0.129768279050558,0.252431954093732
0,0,0,0,0,0,0,0,0,0,0,0,0,0,0,0.172018889613753,0.0243430004824961,0,0.0237522978230568,0,0.0441702109014395,0,0.0339403890020342,0,0,0.00195104142734006,0.0647221306105345,0.00657151367968734,0,0,0,0,0,0,0.370855227346171,0.16782647368374,0.0974790847931772,0.136027821810775,0.0467021370083325,0,0,0,0,0.00425170089749021,0,0.016616903692854,0.00123723336210688,0.0021908711903215,0.0285845771883487,0,0,0,0,0,0.00513029382183809,0,0,0.0148818183632136,0,0.189481275386955,0,0.482776501590418,0,0.409878668131847,0.0100437586564233,0,0.0408357646271836,0.0339563709262796,0.0365031886892075,0,0,0.0287450025947474,0,0,0.0190715654306858,0.178209089349946,0.31761995268344,0.852473715717025,0,0.200834813593108,0.0540998823995322,0.0657916089415797
0,0,0,0.00181223023686006,0,0,0,0,0.00224245248158021,0.00647606698791468,0,0.00126875600931512,0,0,0,0,0,0,0,0,0.00140270867079758,0,0.000711272690235948,0,0,0,0.000577157232449081,0.00550834794396043,0.00493636434854036,0,0,0,0,0,0.0231000466694947,0,0,0.00479761726873317,0.0139043518487775,0.00626177375851281,0,0,0,0,0,0.565325579755372,0.131719415681217,0,0.0358869687464653,0.0615101590520037,0.00373110701704834,0,0.0354734996292006,0.00123399350693211,0,0.27484171382954,0,0,0,0,0.017307672878916,0.0164357972003265,0,0,0.11825026856528,0,0,0.000777295951601694,0.0148048157208611,0.0259353144709264,0,0,0.119111482118751,0,0,0.0982840646342875,0,0.0276478478208982,0.200834813593108,0,0.201864774330386,0
0,0,0,0,0,0,0,0,0,0.00538744075075975,0,0,0,0,0,0,0,0,0,0,0,0,0,0,0,0,0,0.000644925904524463,0,0,0,0,0,0,0.0131021571844159,0,0.0269210688056836,0.0106215073945836,0.0373653071691548,0.0141031541856406,0,0,0,0,0,0.902423096669696,0.0140468411566583,0,0,0,0,0,0,0.00432953357431338,0,0,0,0,0,0,0,0,0,0,0.000898973271400071,0,0.00129041832324104,0,0,0,0,0,0.313787783570073,0,0.0249522155859622,0.113289897227085,0,0.129768279050558,0.0540998823995322,0.201864774330386,0,0.0150524887947728
0,0,0,0,0,0,0,0,0,0,0,0,0.0504962378659479,0,0,0,0,0,0,0,0,0,0,0,0.00858871171375006,0,0,0,0,0,0,0,0,0,0,0,0,0,0,0,0,0,0.0142554933696235,0,0,0,0,0,0,0.00533505756166694,0,0.0273991804231067,0,0.440901695618196,0,0,0,0,0,0,0,0,0,0,0,0.161181889301907,0,0,0,0,0,0,0,0,0.0327607196576305,0.0151059691398616,0.0121170282979103,0.252431954093732,0.0657916089415797,0,0.0150524887947728,0
0,0,0,0,0,0,0.0260246392178167,0,0,0,0,0,0,0.260468810510996,0,0,0.0595963214225938,0,0,0,0,0,0.077657069482976,0,0,0,0,0,0.215322073018346,0.228420335143829,0,0,0,0.00438413841201998,0,0,0.0227841249118231,0,0,0,0,0,0,0,0,0,0,0,0,0,0,0,0,0,0,0,0,0,0,0,0,0,0,0,0,0,0,0,0,0,0,0,0,0,0,0,0,0,0,0,0,0
0,0,0,0,0,0,0,0,0.0516550297062739,0,0,0,0.00181543691966819,0,0,0.021314429730553,0,0,0,0,0,0.576612911696351,0,0.0448198204388281,0.365877449753162,0,0.414631714641352,0,0,0,0,0,0,0,0,0,0,0,0,0,0,0,0.962387949836474,0,0,0,0,0,0,0,0,0,0,0.00271246895083885,0,0,0,0,0,0,0,0,0,0,0.00410131919372046,0.0448121159969058,0,0.027869597766695,0,0,0,0,0,0,0,0,0,0,0,0,0,0
0,0,0,0,0,0,0,0,0,0,0,0,0,0,0,0,0.526909996852133,0,0,0,0,0,0.836106124264542,0,0,0.409859371901904,0.328647234693203,0,0,0,0,0,0,0,0,0,0,0,0,0,0,0,0,0,0,0,0,0,0,0,0,0,0,0,0,0,0,0,0,0,0,0,0,0,0,0,0,0,0,0,0,0,0,0,0,0,0,0,0,0,0,0
0,0,0,0,0.0056081792547274,0,0,0,0.0265292627237708,0.288722814927122,0,0.171461358796645,0,0,0.0148806713103197,0,0,0,0,1.08718969156924,0,0,0,0.14461166477512,0,0,0,0.40808826267584,0,0,0,0,0,0,0,0,0,0,0.0126451375847111,0,0,0,0,0,0.103980049462236,0,0,0,0,0.0180096268735867,0.0300489871113622,0,0.0260033689403083,0,0,0,0,0,0,0,0.0170466834457284,0,0,0,0.0222513028213554,0,0,0,0.035387699404979,0,0,0,0,0,0,0,0,0,0,0.00163881508937228,0,0
0,0,0,0.0056081792547274,0,0.0369985072416062,0,0,0.00247159480946093,0,0,0.00391914510551591,0,0,0.435722131928022,0,0,0,0,0.00504324146625667,0,0,0,0.00482652683672519,0,0,0,0.00122247206047618,0,0,0,0.0713537884610636,0,0.0132165103426087,0.0153466674673142,0,0,0,0.29724949306265,0.425115182332415,0,0,0,0,0,0,0,0,0,0,0,0,0,0,0,0,0,0,0,0,0,0,0,0,0.00101697592166204,0,0,0,0,0,0,0,0,0,0,0,0,0,0,0,0,0
0,0,0,0,0.0369985072416062,0,0.118372202340643,0.180654560540263,0.00125512752127142,0.511652179906107,0,0.485773257382425,0,0.0179263428512234,0.0732153588926079,0,0,0,0,0.00129980028711248,0,0,0.0024609201012858,0,0,0,0,0,0,0,0,0.0420221429493798,0,0,0.0107685419397299,0,0.00185361835464793,0,0.134841264584339,0.0826790212383033,0,0,0,0,0,0,0,0,0,0,0,0,0,0,0,0,0,0,0,0,0,0,0,0,0,0,0,0,0,0,0,0,0,0,0,0,0,0,0,0,0,0
0.0260246392178167,0,0,0,0,0.118372202340643,0,0.129020148267967,0,0.301861765469947,0,0.0100980526016591,0,0.167638586077932,0.00151012744431435,0,0.0390374263217647,0.00216331873952654,0.00415693738107077,0,0.0398327237618117,0,0.0422644952434849,0,0,0,0,0.94255495934419,0.132472059728016,0.166609124713355,0,0,0.00140923550924666,0.0755439015310524,0.0813868831858916,0.000541663949909573,0.691693589515484,0.0240705477831555,0.0294101916156845,0.000971837594614316,0,0,0,0,0,0,0,0,0,0,0,0,0,0,0,0,0,0,0,0,0,0,0,0.000532120372090666,0,0,0,0,0.0145030628494608,0,0,0,0,0,0,0.0048590088712569,0,0,0.0094269844061003,0,0,0
0,0,0,0,0,0.180654560540263,0.129020148267967,0,0,0.199326791576312,0,0.0285843252902304,0,0.339629069318296,0,0,0.0226614653016354,0,0.00168707441625021,0,0,0,0.0268900329568915,0,0,0,0,0,0.00518818941012083,0.0170258384460748,0,0.0982993688357512,0,0.00284372693139044,0.0023525320403405,0,0.0486229057486372,0,0.0230982674016859,0.00685937206556126,0,0,0,0,0,0,0,0,0,0,0,0,0,0,0,0,0,0,0,0,0,0,0,0,0,0,0,0,0,0,0,0,0,0,0,0,0,0,0,0,0,0
0,0.0516550297062739,0,0.0265292627237708,0.00247159480946093,0.00125512752127142,0,0,0,0,0,0.053267553124632,0,0,0.252930602931389,0,0,0,0,0.013058323307466,0,0.615582499425604,0,0.545256835717377,0.0325362694859896,0,0.0580299854733768,0.0160051011982319,0,0,0.00653864726830826,0,0,0,0,0,0,0,0.012193326356704,0,0,0,0.00257662575695385,0,0,0,0,0,0,0.228851965926309,0,0,0,0,0,0,0.00253308893524202,0,0,0,0,0,0.048955954346718,0,0.0158200745512374,0,0,0.00206798981699056,0.000984573038699131,0,0,0,0,0,0,0,0,0,0,0,0,0
0,0,0,0.288722814927122,0,0.511652179906107,0.301861765469947,0.199326791576312,0,0,0,0.16657952609545,0,0.0500939549366341,0,0,0,0.00151589006469641,0.00801992880306247,0.177075336520194,0,0,0,0.0149212905384372,0,0.000370442781545143,0,0.0966528895741466,0,0,0,0,0,0.016600905562121,0.053477428782187,0,0.144414329800827,0.00204390342976854,0.00202329705861716,0.00227070846003725,0,0,0,0,0.0457306423162777,0,0,0,0,0.00654437758606766,0.126165993423338,0,0.035328921487381,0,0,0,0,0,0,0,0.0949895074084234,0,0,0,0.00718222302734793,0,0.00132815037559694,0,0.192730524243642,0,0,0,0,0,0,0.0100653244666858,0,0.0145380349558403,0,0.00280228733419944,0.00283590827529596,0
0,0,0,0,0,0,0,0,0,0,0,0,0.164175384537808,0,0,0,0,0.637298881471389,0.0839781185178061,0,0,0,0,0,0,0.135288249510946,0,0,0.000516210213533285,0,0,0.0607848436438052,0,0.27432181708283,0,0.0606903380929332,0.0796808890194633,0,0,0,0.0329741118188138,0,0,0,0,0,0,0,0,0,0,0,0,0.00734501609210442,0,0,0,0,0,0,0,0,0,0,0,0,0,0,0,0,0,0.00504665404880264,0,0,0,0,0,0.00105487084593432,0,0,0,0
0,0,0,0.171461358796645,0.00391914510551591,0.485773257382425,0.0100980526016591,0.0285843252902304,0.053267553124632,0.16657952609545,0,0,0,0.00496172637379977,0.127164767553164,0,0,0.00448038733434753,0.00269905161182192,0.461947651496474,0,0,0,0.0717958127052878,0,0,0,0.00333188919499745,0,0,0,0,0,0.0151455388052217,0.0270029547346959,0,0.0970580196712871,0,0.0534682542864333,0.011654038816762,0,0,0,0,0.0177470305603864,0,0,0,0,0.00124604256080194,0.0854154078632019,0,0.00198834227068796,0,0,0,0,0,0,0,0.0267061678871792,0,0,0,0,0,0,0,0.0341491350416089,0,0,0,0,0,0.00107859861043037,0.00905705240806523,0,0.00543167590869732,0,0,0.00332635468106617,0
0,0.00181543691966819,0,0,0,0,0,0,0,0,0.164175384537808,0,0,0,0,0,0,0,0,0,0,0,0,0.0202140254386361,0.315103082107642,0,0.0714987293276821,0,0,0,0.0554378109046866,0,0,0.0424545854495863,0,0.0182663063614426,0.0762330648424834,0,0,0,0.166376706696254,0,0,0,0,0,0,0,0,0,0,0.00935952285624261,0,0.280786721125284,0,0,0,0,0,0,0,0,0,0,0,0.0250967807379632,0,0.00296411873768646,0,0,0,0.0549917488597036,0,0,0,0,0,0.0228779928392513,0,0,0,0.00179352231328931
0.260468810510996,0,0,0,0,0.0179263428512234,0.167638586077932,0.339629069318296,0,0.0500939549366341,0,0.00496172637379977,0,0,0,0,0.0712294924822358,0.00196144552315985,0.00224985870829165,0,0,0,0.0590584614639692,0,0,0,0,0,0.206065754459531,0.104126569550307,0,0.00928664481066607,0,0.0283573245112941,0,0,0.0899684461384037,0,0,0,0,0,0,0,0,0,0,0,0,0,0,0,0,0,0,0,0,0,0,0,0,0,0,0,0,0,0,0,0,0,0,0,0,0,0,0,0,0,0,0,0,0
0,0,0,0.0148806713103197,0.435722131928022,0.0732153588926079,0.00151012744431435,0,0.252930602931389,0,0,0.127164767553164,0,0,0,0,0,0,0,0.0466542748585882,0,0,0,0.0822839776055122,0,0,0,0.0022714305117178,0,0,0,0,0,0,0.00987219326493572,0,0,0,0.542145386680864,0.0188629143633106,0,0,0,0,0.00213338767778032,0,0,0,0,0.00559307673799696,0.000684908977375264,0,0,0,0,0,0,0,0,0,0,0,0,0,0.00408657977394854,0,0,0,0.000700998327480954,0,0,0,0,0,0,0,0,0,0,0,0,0
0,0.021314429730553,0,0,0,0,0,0,0,0,0,0,0,0,0,0,0,0,0,0,0.182029619110725,0.172131114621228,0.118758561997704,0.108421035782846,0,0,0.114952151775518,0.00372845048366914,0,0,0,0,0,0,0,0,0,0,0,0,0,0,0,0,0,0,0,0,0,0,0,0,0,0,0,0,0.532669218561797,0,0,0,0,0.0110245576865958,0.0251699839911624,0.00142000708383235,0.00158437717219933,0,0,0.00943113882023145,0,0,0,0,0,0,0,0,0,0,0,0,0,0
0.0595963214225938,0,0.526909996852133,0,0,0,0.0390374263217647,0.0226614653016354,0,0,0,0,0,0.0712294924822358,0,0,0,0,0.254316011472596,0,0.000720090993441848,0,0.153551376625184,0,0,0.228600077054882,0.0908265804893357,0.00136931584667849,0.0162244973850299,0.0239137690141673,0,0,0,0.462489039931997,0,0,0.138451632338052,0,0,0,0,0,0,0,0,0,0,0,0,0,0,0,0,0,0,0,0,0,0,0,0,0,0,0,0,0,0,0,0,0,0,0,0,0,0,0,0,0,0,0,0,0
0,0,0,0,0,0,0.00216331873952654,0,0,0.00151589006469641,0.637298881471389,0.00448038733434753,0,0.00196144552315985,0,0,0,0,0.489107851578107,0,0,0,0,0,0,0.0557254524464767,0,0,0.0124889185929685,0,0,0.0571901927454279,0,0.122020842540558,0.000963945129440663,0,0.110017058263898,0,0,0,0,0,0,0,0,0,0,0,0,0,0,0,0,0,0,0,0,0,0,0,0,0,0,0,0,0,0,0,0,0,0,0,0,0,0,0,0,0,0,0,0,0
0,0,0,0,0,0,0.00415693738107077,0.00168707441625021,0,0.00801992880306247,0.0839781185178061,0.00269905161182192,0,0.00224985870829165,0,0,0.254316011472596,0.489107851578107,0,0,0,0,0,0,0,0.354254079067346,0.0462108527691888,0,0.0112424450197341,0,0,0,0,0.383339093850019,0.00515185620269007,0,0.718118766241827,0.0838954370188343,0,0,0,0,0,0,0,0,0,0,0,0,0,0,0,0,0,0,0,0,0,0,0,0,0,0,0,0,0,0,0,0,0,0,0,0,0,0,0,0,0,0,0,0
0,0,0,1.08718969156924,0.00504324146625667,0.00129980028711248,0,0,0.013058323307466,0.177075336520194,0,0.461947651496474,0,0,0.0466542748585882,0,0,0,0,0,0,0,0,0.0327464157036394,0,0,0,0.0543089882203021,0,0,0,0,0,0,0.0013589135908878,0,0,0,0.0251332072758042,0,0,0,0,0,0.0642451628110275,0,0,0,0,0.00958815232346996,0.00802533606304315,0,0.00371999367634475,0,0,0,0,0,0,0,0.00485793008996739,0,0,0,0.00818031960982541,0,0,0,0.0142448796937783,0,0,0,0,0,0,0.00457801774363538,0,0,0,0.00179320474258941,0,0
0,0,0,0,0,0,0.0398327237618117,0,0,0,0,0,0,0,0,0.182029619110725,0.000720090993441848,0,0,0,0,0,1.05052469886125,0.00621131246944881,0,0,0,0.679168308787636,0,0.296427599891156,0,0,0,0.0801746496977027,0.234318810281453,0.022937818820934,0.160639669993712,0.153566319600766,0.00589939127404154,0,0,0,0,0,0,0,0,0,0,0,0,0,0,0,0,0,0.0206241187905143,0,0,0,0,0.0675407688614404,0,0.006074030591386,0.0287776490605944,0,0,0,0.0307925431715553,0,0,0,0,0,0,0,0.000685972575702521,0,0.00394161333758153,0,0,0
0,0.576612911696351,0,0,0,0,0,0,0.615582499425604,0,0,0,0,0,0,0.172131114621228,0,0,0,0,0,0,0,0.157149193464129,0.00313674973800988,0,0.128135478588012,0,0,0,0,0,0,0,0,0,0,0,0,0,0,0,0.0250909609111236,0,0,0,0,0,0,0.0294965354832664,0,0,0,0,0,0,0.00490880411499971,0,0,0,0,0,0.181473986455134,0,0.00637940251214286,0,0,0.00184910828068681,0,0,0,0,0,0,0,0,0,0,0,0,0,0
0.077657069482976,0,0.836106124264542,0,0,0.0024609201012858,0.0422644952434849,0.0268900329568915,0,0,0,0,0,0.0590584614639692,0,0.118758561997704,0.153551376625184,0,0,0,1.05052469886125,0,0,0,0,0.00898929941203045,0.15080677476795,0.00338677103961172,0.0234129042736206,0.25939807171805,0,0,0,0.0997486257458574,0.174608431055702,0.0241997534096989,0.0947338719971057,0.308032814468672,0.0920784961421794,0,0,0,0,0,0,0,0,0,0,0,0,0,0,0,0,0,0.150735352750704,0,0,0,0,0.00176288066513078,0,0.0893260812451747,0,0,0,0.0212087467295458,0,0,0,0,0,0,0,0.00757820799151322,0.00169713977429454,0.00299772899883635,0.0303454764684551,0.000754726922058081,0,0
0,0.0448198204388281,0,0.14461166477512,0.00482652683672519,0,0,0,0.545256835717377,0.0149212905384372,0,0.0717958127052878,0.0202140254386361,0,0.0822839776055122,0.108421035782846,0,0,0,0.0327464157036394,0.00621131246944881,0.157149193464129,0,0,0.0312819780415845,0,0.146576053995935,0.183011266950375,0,0,0.00141417766849904,0,0,0,0,0,0,0,0.0248463125620131,0,0,0,0,0,0.00696312109936717,0.00315525112986286,0,0,0,0.0568541763925749,0.00100976778733857,0,0.00133722176805253,0.00472127922574609,0,0,0.0624903525423312,0,0,0,0.0043585458050729,0,0.00906682851942757,0,0.519868637414935,0.0031641705676858,0,0.00439736356560073,0.106987108249648,0,0,0.000878148206022074,0,0,0,0.0142120061324003,0,0,0,0,0,0
0,0.365877449753162,0,0,0,0,0,0,0.0325362694859896,0,0,0,0.315103082107642,0,0,0,0,0,0,0,0,0.00313674973800988,0,0.0312819780415845,0,0,0.215010958213856,0,0,0,0,0,0,0,0,0.0152862511045289,0,0,0,0,0.0995547340470809,0,0.171522852288827,0,0,0,0,0,0,0,0,0,0,0.0172527079270194,0,0,0,0,0,0,0,0,0,0,0.000673719102461822,0.106635357305134,0,0.00844610465273983,0,0,0,0,0,0,0,0,0,0,0,0,0,0
0,0,0.409859371901904,0,0,0,0,0,0,0.000370442781545143,0.135288249510946,0,0,0,0,0,0.228600077054882,0.0557254524464767,0.354254079067346,0,0,0,0.00898929941203045,0,0,0,0.435314861799318,0,0,0,0,0,0,0.0117132643407261,0.182240857562447,0.265442849049704,0.254327499168447,0.124640868508333,0,0,0,0,0.00101292059970144,0,0,0,0,0,0,0,0,0,0,0,0,0,0,0,0,0,0,0,0,0,0,0,0.0189638062149275,0.0890499478072253,0,0,0,0.00298441925998308,0,0,0,0.000833820118402198,0.0285133252648234,0,0,0,0,0
0,0.414631714641352,0.328647234693203,0,0,0,0,0,0.0580299854733768,0,0,0,0.0714987293276821,0,0,0.114952151775518,0.0908265804893357,0,0.0462108527691888,0,0,0.128135478588012,0.15080677476795,0.146576053995935,0.215010958213856,0.435314861799318,0,0,0,0,0.00204863401820879,0,0,0.0110663662744939,0.0546874325822837,0.0461005650109962,0.261452423512653,0.0950190229526576,0,0,0,0,0.0931841657829808,0,0,0,0,0.00235180320838394,0,0.00467563308091139,0,0,0,0.0023523035518732,0,0,0.110277061693115,0,0,0,0,0,0.0375386360373885,0.0146560431626079,0.011633527155962,0.0136284649681578,0.00332012513817256,0.866360738405368,0,0,0,0.00437544607244032,0,0,0,0.0406318769612033,0.0288447201830112,0.0173145706536379,0.0419587434887181,0,0,0
0,0,0,0.40808826267584,0.00122247206047618,0,0.94255495934419,0,0.0160051011982319,0.0966528895741466,0,0.00333188919499745,0,0,0.0022714305117178,0.00372845048366914,0.00136931584667849,0,0,0.0543089882203021,0.679168308787636,0,0.00338677103961172,0.183011266950375,0,0,0,0,0,0.185763889302732,0,0,0,0.00295611154311259,0.240346800951383,0.00356366371821104,0.0663512836414344,0.0261491942744417,0.0619615775231448,0,0,0,0,0,0.0471698077008604,0,0,0,0,0.0418171089700037,0.0175458371598047,0,0.00783379313541306,0,0,0,0.000664580000081361,0,0,0,0.00326632015504861,0.000506882872874965,0,0.00136068942740246,0.138221130820689,0,0,0,0.391170036267724,0,0,0,0,0,0,0.100545575753287,0.0186971570308294,0.00146959583450612,0.00825591042612518,0.0020941242103258,0.00222679708684534,0
0.215322073018346,0,0,0,0,0,0.132472059728016,0.00518818941012083,0,0,0.000516210213533285,0,0,0.206065754459531,0,0,0.0162244973850299,0.0124889185929685,0.0112424450197341,0,0,0,0.0234129042736206,0,0,0,0,0,0,0.238490523033736,0,0.0381832946628192,0.156652410967851,0.258860216893234,0,0,0.0241094776379311,0,0,0,0,0,0,0,0,0,0,0,0,0,0,0,0,0,0,0,0,0,0,0,0,0,0,0,0,0,0,0,0,0,0,0,0,0,0,0,0,0,0,0,0,0
0.228420335143829,0,0,0,0,0,0.166609124713355,0.0170258384460748,0,0,0,0,0,0.104126569550307,0,0,0.0239137690141673,0,0,0,0.296427599891156,0,0.25939807171805,0,0,0,0,0.185763889302732,0.238490523033736,0,0,0,0.0347446534698205,0.148986444127157,0,0,0.0129159465898473,0,0,0,0,0,0,0,0,0,0,0,0,0,0,0,0,0,0,0,0,0,0,0,0,0,0,0,0,0,0,0,0,0,0,0,0,0,0,0,0,0,0,0,0,0
0,0,0,0,0,0,0,0,0.00653864726830826,0,0,0,0.0554378109046866,0,0,0,0,0,0,0,0,0,0,0.00141417766849904,0,0,0.00204863401820879,0,0,0,0,0,0,0,0,0.143682484191326,0.0192713055229129,0,0,0,0,0,0,0,0,0,0,0,0,0,0,0,0,0.155516432683909,0,0,0,0,0,0,0,0,0,0,0,0,0.0276968991321106,0.0770091584385784,0,0,0,0.458641856321246,0,0,0,0.00493352234020952,0.0701007718940707,0,0,0,0,0
0,0,0,0,0.0713537884610636,0.0420221429493798,0,0.0982993688357512,0,0,0.0607848436438052,0,0,0.00928664481066607,0,0,0,0.0571901927454279,0,0,0,0,0,0,0,0,0,0,0.0381832946628192,0,0,0,0,0.34746798115292,0,0,0,0,0.00341606012824096,0.40083267776146,0,0,0,0,0,0,0,0,0,0,0,0,0,0,0,0,0,0,0,0,0,0,0,0,0,0,0,0,0,0,0,0,0,0,0,0,0,0,0,0,0,0
0,0,0,0,0,0,0.00140923550924666,0,0,0,0,0,0,0,0,0,0,0,0,0,0,0,0,0,0,0,0,0,0.156652410967851,0.0347446534698205,0,0,0,0.178654092262846,0,0,0.00142537012026659,0,0,0,0,0,0,0,0,0,0,0,0,0,0,0,0,0,0,0,0,0,0,0,0,0,0,0,0,0,0,0,0,0,0,0,0,0,0,0,0,0,0,0,0,0
0.00438413841201998,0,0,0,0.0132165103426087,0,0.0755439015310524,0.00284372693139044,0,0.016600905562121,0.27432181708283,0.0151455388052217,0.0424545854495863,0.0283573245112941,0,0,0.462489039931997,0.122020842540558,0.383339093850019,0,0.0801746496977027,0,0.0997486257458574,0,0,0.0117132643407261,0.0110663662744939,0.00295611154311259,0.258860216893234,0.148986444127157,0,0.34746798115292,0.178654092262846,0,0.0258328665434103,0.0062678637309438,0.270501157101495,0.0206215177026458,0.0152078620875628,0.010905001099657,0.149838377271877,0,0,0,0,0,0,0,0,0,0,0,0,0,0,0,0,0,0,0,0,0,0,0,0,0,0,0,0,0,0,0,0,0,0.00116164357445943,0.0101346632542733,0,0.00396416909042491,0,0.00613539497578481,0.0060475150827694,0
0,0,0,0,0.0153466674673142,0.0107685419397299,0.0813868831858916,0.0023525320403405,0,0.053477428782187,0,0.0270029547346959,0,0,0.00987219326493572,0,0,0.000963945129440663,0.00515185620269007,0.0013589135908878,0.234318810281453,0,0.174608431055702,0,0,0.182240857562447,0.0546874325822837,0.240346800951383,0,0,0,0,0,0.0258328665434103,0,1.14828153593561,0.124438692748645,0.0697552998544565,0.289279611130469,0.0507481786375153,0.00236423147548416,0,0,0,0,0,0,0,0,0,0.00324184710476888,0,0,0,0,0,0,0,0,0,0,0.021675797030594,0,0.00866737121685849,0,0,0,0.0225907704829644,0.0590301880160345,0,0,0,0.0103531677698625,0,0,0.368605490766203,0.122336112197238,0.0458692426914889,0.0769946806284133,0.0441811083783788,0.00538364724032851,0
0,0,0,0,0,0,0.000541663949909573,0,0,0,0.0606903380929332,0,0.0182663063614426,0,0,0,0,0,0,0,0.022937818820934,0,0.0241997534096989,0,0.0152862511045289,0.265442849049704,0.0461005650109962,0.00356366371821104,0,0,0.143682484191326,0,0,0.0062678637309438,1.14828153593561,0,0.0279747171513749,0.0254585209762218,0,0,0.137373912747339,0,0,0,0,0,0,0,0,0,0,0,0,0.0396075074873908,0,0,0,0,0,0,0,0.0188411815126923,0,0.0286229513435526,0,0,0,0.00526641684268324,0,0,0,0.0647582821131912,0,0,0,0.0338178762115026,0.0383233096551375,0,0,0,0,0.00945737908697321
0.0227841249118231,0,0,0,0,0.00185361835464793,0.691693589515484,0.0486229057486372,0,0.144414329800827,0.0796808890194633,0.0970580196712871,0.0762330648424834,0.0899684461384037,0,0,0.138451632338052,0.110017058263898,0.718118766241827,0,0.160639669993712,0,0.0947338719971057,0,0,0.254327499168447,0.261452423512653,0.0663512836414344,0.0241094776379311,0.0129159465898473,0.0192713055229129,0,0.00142537012026659,0.270501157101495,0.124438692748645,0.0279747171513749,0,0.976646529257473,0.0207112387686002,0.176790348018425,0.423015073909961,0,0,0,0,0,0,0.00329016531610528,0,0,0,0,0,0,0,0,0,0,0,0,0,0,0,0.00479750178795898,0,0,0,0.0222574279610917,0,0,0,0,0,0,0,0.00780764319111241,0.00140421538569188,0.00501590586591156,0.0708018827373897,0,0,0
0,0,0,0,0,0,0.0240705477831555,0,0,0.00204390342976854,0,0,0,0,0,0,0,0,0.0838954370188343,0,0.153566319600766,0,0.308032814468672,0,0,0.124640868508333,0.0950190229526576,0.0261491942744417,0,0,0,0,0,0.0206215177026458,0.0697552998544565,0.0254585209762218,0.976646529257473,0,0.160019499581784,0.0344589371601609,0.17347050011951,0,0,0,0,0,0,0.0042721001758298,0,0,0,0,0,0,0,0,0,0,0,0,0,0.000889291131037484,0,0.0392377777507354,0,0,0.00402464390391122,0.0746706965326567,0,0,0,0,0,0,0,0.0141503901180713,0.00974771200119336,0.0113328782937876,0.636761762850823,0.00917026458941509,0,0
0,0,0,0.0126451375847111,0.29724949306265,0.134841264584339,0.0294101916156845,0.0230982674016859,0.012193326356704,0.00202329705861716,0,0.0534682542864333,0,0,0.542145386680864,0,0,0,0,0.0251332072758042,0.00589939127404154,0,0.0920784961421794,0.0248463125620131,0,0,0,0.0619615775231448,0,0,0,0.00341606012824096,0,0.0152078620875628,0.289279611130469,0,0.0207112387686002,0.160019499581784,0,0.140672023072108,0,0,0,0,0,0,0,0,0,0.00238385285690375,0,0,0,0,0,0,0,0,0,0,0,0,0,0.00301986093982003,0.0063863286729612,0,0.00142264883661876,0.000539445658705029,0.0318628638687791,0,0,0,0,0,0,0.0152306459176156,0,0.0012181130367299,0.165052521004577,0.00726599831196235,0,0
0,0,0,0,0.425115182332415,0.0826790212383033,0.000971837594614316,0.00685937206556126,0,0.00227070846003725,0,0.011654038816762,0,0,0.0188629143633106,0,0,0,0,0,0,0,0,0,0,0,0,0,0,0,0,0.40083267776146,0,0.010905001099657,0.0507481786375153,0,0.176790348018425,0.0344589371601609,0.140672023072108,0,0,0,0,0,0,0,0,0,0,0,0,0,0,0,0,0,0,0,0,0,0,0,0,0,0,0,0,0,0,0,0,0,0,0,0,0.012918280978515,0,0.00263853753019891,0,0,0.00288762583143581,0
0,0,0,0,0,0,0,0,0,0,0.0329741118188138,0,0.166376706696254,0,0,0,0,0,0,0,0,0,0,0,0.0995547340470809,0,0,0,0,0,0,0,0,0.149838377271877,0.00236423147548416,0.137373912747339,0.423015073909961,0.17347050011951,0,0,0,0,0,0,0,0,0,0,0,0,0,0.0108030882753855,0,0.0149178546113953,0,0,0,0,0,0,0,0,0,0,0,0.0111251817615905,0,0,0,0,0,0,0,0,0,0,0.0322594970289714,0.0160189672746884,0,0,0,0.110906057367223
0,0,0,0,0,0,0,0,0,0,0,0,0,0,0,0,0,0,0,0,0,0,0,0,0,0,0,0,0,0,0,0,0,0,0,0,0,0,0,0,0,0,0,0,0,0,0,0.247609968957031,0,0,0,0,0,0,0.12931110347005,0,0,0,0,0,0,0,0,0,0,0,0,0,0,0.120351796376214,0.135247775321589,0,0,0,0,0,0,0.00330550118366586,0,0,0,0
0,0.962387949836474,0,0,0,0,0,0,0.00257662575695385,0,0,0,0,0,0,0,0,0,0,0,0,0.0250909609111236,0,0,0.171522852288827,0.00101292059970144,0.0931841657829808,0,0,0,0,0,0,0,0,0,0,0,0,0,0,0,0,0,0,0,0,0,0,0.00589413204997724,0,0,0,0.018472519103691,0,0,0,0,0,0,0,0,0.308289292693761,0,0.0416408919777594,0.316628085551621,0,0.121323681961163,0,0,0,0,0,0,0,0,0,0,0,0,0,0
0,0,0,0,0,0,0,0,0,0,0,0,0,0,0,0,0,0,0,0,0,0,0,0,0,0,0,0,0,0,0,0,0,0,0,0,0,0,0,0,0,0,0,0,0,0,0,0,0,0,0,0,0,0,0,0,0,0.214491687010843,0,0,0,0,0,0.41929658132001,0,0,0.489168969815703,0.361917950120282,0,0,0,0,0,0,0,0,0,0,0,0,0,0
0,0,0,0.103980049462236,0,0,0,0,0,0.0457306423162777,0,0.0177470305603864,0,0,0.00213338767778032,0,0,0,0,0.0642451628110275,0,0,0,0.00696312109936717,0,0,0,0.0471698077008604,0,0,0,0,0,0,0,0,0,0,0,0,0,0,0,0,0,0,0,0,0,0.0779570359010909,0.141415638968427,0.00312373143086918,0.195377539875724,0,0,0.00500568170418273,0,0,0,0,1.24682875186363,0,0,0,0.25784137662888,0,0,0,0.275612632803423,0,0,0,0.00219854361389552,0,0,0.0055377834796663,0,0.0144114740894636,0,0.0375672740323039,0.00256496754954478,0
0,0,0,0,0,0,0,0,0,0,0,0,0,0,0,0,0,0,0,0,0,0,0,0.00315525112986286,0,0,0,0,0,0,0,0,0,0,0,0,0,0,0,0,0,0,0,0,0,0,0.0976716064806314,0,0,0.0049414441423615,0,0,0,0,0,0.464928889636595,0.0049498336909903,0,0,0,0,0,0,0,0.0232526346251957,0,0,0,0,0,0,0,0.0604701035986367,0,0.00817176435811364,0.0138031638679145,0,0,0,0.302947877925704,0.130853338934755,0
0,0,0,0,0,0,0,0,0,0,0,0,0,0,0,0,0,0,0,0,0,0,0,0,0,0,0,0,0,0,0,0,0,0,0,0,0,0,0,0,0,0,0,0,0,0.0976716064806314,0,0.0206239915929473,0.140520668855344,0,0.616849617241572,0,0.479500743592334,0,0,0.102276249888565,0,0,0,0,0,0,0,0,0.00301743251688271,0,0,0,0,0,0,0,0.0432930002519404,0,0,0.00695263291065191,0,0,0,0.0943559032437145,0.0956346275835657,0
0,0,0,0,0,0,0,0,0,0,0,0,0,0,0,0,0,0,0,0,0,0,0,0,0,0,0.00235180320838394,0,0,0,0,0,0,0,0,0,0.00329016531610528,0.0042721001758298,0,0,0,0.247609968957031,0,0,0,0,0.0206239915929473,0,0.318343253745901,0,0.120177119439275,0,0,0,0.428763809841288,0,0,0.0142429022523378,0,0,0,0,0,0.192434956962971,0,0,0,0.0106193887489674,0.567623631513495,0.0251322707159792,0.377810932887977,0,0,0,0.00158360089297618,0.00389666809706412,0,0.237135163870547,0.00184456612376498,0.00580955274030852,0.00218797755721397,0
0,0,0,0,0,0,0,0,0,0,0,0,0,0,0,0,0,0,0,0,0,0,0,0,0,0,0,0,0,0,0,0,0,0,0,0,0,0,0,0,0,0,0,0,0,0,0.140520668855344,0.318343253745901,0,0,0.17895143518195,0,0.0416624033014704,0,0.25833700381951,0.00282792433707267,0,0.0267932599621844,0,0,0,0,0,0,0.00626785114914178,0,0,0.00357455579747119,0.0357495922833333,0.000496853246909982,0.00943061458139262,0,0.0774223306328637,0,0.000954650389243816,0.000670859469199814,0,0.0740623090979814,0.000720131417560402,0.00923408364063523,0,0
0,0,0,0.0180096268735867,0,0,0,0,0.228851965926309,0.00654437758606766,0,0.00124604256080194,0,0,0.00559307673799696,0,0,0,0,0.00958815232346996,0,0.0294965354832664,0,0.0568541763925749,0,0,0.00467563308091139,0.0418171089700037,0,0,0,0,0,0,0,0,0,0,0.00238385285690375,0,0,0,0.00589413204997724,0,0.0779570359010909,0.0049414441423615,0,0,0,0,0.0457481116088693,0,0.0378844050914382,0,0.000890194949202984,0.0416563159756983,0.00380170566971793,0,0,0,0.00450118038313534,0,0.398652123669464,0,0.530407026927105,0.0335778414157703,0,0.00560941029000753,0.01173979395007,0,0,0,0.00988460659964689,0,0,0,0,0,0,0.0538330688085988,0,0
0,0,0,0.0300489871113622,0,0,0,0,0,0.126165993423338,0,0.0854154078632019,0,0,0.000684908977375264,0,0,0,0,0.00802533606304315,0,0,0,0.00100976778733857,0,0,0,0.0175458371598047,0,0,0,0,0,0,0.00324184710476888,0,0,0,0,0,0,0,0,0,0.141415638968427,0,0.616849617241572,0.120177119439275,0.17895143518195,0.0457481116088693,0,0.0261328752669646,0.398719351371601,0,0.0614911708241267,0,0,0,0.0447761236304974,0,0.662634342457811,0,0,0,0.00061271304200268,0,0,0,0.480834453762513,0.0163068146497125,0,0,0.0115700789274703,0,0.0221292382786961,0.00113115611110263,0,0.284437025356997,0,0.00310478417103875,0.00547327086988117,0
0,0,0,0,0,0,0,0,0,0,0,0,0.00935952285624261,0,0,0,0,0,0,0,0,0,0,0,0,0,0,0,0,0,0,0,0,0,0,0,0,0,0,0,0.0108030882753855,0,0,0,0.00312373143086918,0,0,0,0,0,0.0261328752669646,0,0.0122300551599303,0.240698303142448,0.0120335099270532,0,0,0,0.255486420513401,0.051483269453225,0.00379270462338141,0,0,0,0,0,0.0497796347980505,0,0,0.0766252102935643,0,0.0229736739248884,0.0395189710149618,0,0.487484643051448,0,0,0.0810470766361167,0,0,0,0.0856934788199749
0,0,0,0.0260033689403083,0,0,0,0,0,0.035328921487381,0,0.00198834227068796,0,0,0,0,0,0,0,0.00371999367634475,0,0,0,0.00133722176805253,0,0,0,0.00783379313541306,0,0,0,0,0,0,0,0,0,0,0,0,0,0,0,0,0.195377539875724,0,0.479500743592334,0,0.0416624033014704,0.0378844050914382,0.398719351371601,0.0122300551599303,0,0,0.0453162505702095,0.132556042444853,0,0,0.0104852866963236,0,0.548120642375107,0,0,0,0.083148378751876,0,0.00139507941528073,0,0.0671583079608445,0,0,0,0.035907749193145,0,0,0,0,0.187898456253015,0,0.0413721970849107,0.00247298548162156,0
0,0.00271246895083885,0,0,0,0,0,0,0,0,0.00734501609210442,0,0.280786721125284,0,0,0,0,0,0,0,0,0,0,0.00472127922574609,0.0172527079270194,0,0.0023523035518732,0,0,0,0.155516432683909,0,0,0,0,0.0396075074873908,0,0,0,0,0.0149178546113953,0,0.018472519103691,0,0,0,0,0,0,0,0,0.240698303142448,0,0,0,0,0,0,0,0,0,0,0,0,0,0.561978467352913,0,0.0218330705213685,0,0.00175200193285684,0,0.154299242639261,0.00724501217951471,0,0.0132487296320194,0,0.0137574081719932,0.0138600500935502,0,0,0.00694929739667737,0.0525997402591902
0,0,0,0,0,0,0,0,0,0,0,0,0,0,0,0,0,0,0,0,0,0,0,0,0,0,0,0,0,0,0,0,0,0,0,0,0,0,0,0,0,0.12931110347005,0,0,0,0,0,0.428763809841288,0.25833700381951,0.000890194949202984,0.0614911708241267,0.0120335099270532,0.0453162505702095,0,0,0.000894526038613733,0,0.00408275300151666,0,0,0,0,0,0,0.00160389568617715,0,0,0,0.108114229166798,0.128159120810451,0.0382999733961421,0,0.0376403588825237,0.011307550080052,0.00745664202829594,0,0,0.0878363733175277,0,0.00600118057610869,0,0
0,0,0,0,0,0,0,0,0,0,0,0,0,0,0,0,0,0,0,0,0,0,0,0,0,0,0,0,0,0,0,0,0,0,0,0,0,0,0,0,0,0,0,0,0.00500568170418273,0.464928889636595,0.102276249888565,0,0.00282792433707267,0.0416563159756983,0,0,0.132556042444853,0,0.000894526038613733,0,0.00800018502837208,0,0,0,0.00456639359497741,0,0,0,0.0367179966106514,0,0,0.00042977141131754,0,0,0,0,0.0522047081718504,0,0,0,0,0,0,0.223481875023502,0,0
0,0,0,0,0,0,0,0,0.00253308893524202,0,0,0,0,0,0,0.532669218561797,0,0,0,0,0.0206241187905143,0.00490880411499971,0.150735352750704,0.0624903525423312,0,0,0.110277061693115,0.000664580000081361,0,0,0,0,0,0,0,0,0,0,0,0,0,0,0,0,0,0.0049498336909903,0,0,0,0.00380170566971793,0,0,0,0,0,0.00800018502837208,0,0,0,0,0,0.187354752202687,0.368122981037561,0.11637586142375,0.253170524218193,0,0,0.114026410610056,0.00071731131010845,0,0,0,0,0,0,0,0,0,0,0,0,0
0,0,0,0,0,0,0,0,0,0,0,0,0,0,0,0,0,0,0,0,0,0,0,0,0,0,0,0,0,0,0,0,0,0,0,0,0,0,0,0,0,0,0,0.214491687010843,0,0,0,0.0142429022523378,0.0267932599621844,0,0,0,0,0,0.00408275300151666,0,0,0,0.00217462857582791,0.454285481379188,0,0.0017214760098977,0,0.392066493756038,0,0,0.115268230117565,0.0650280302641759,0,0,0.108940378868077,0,0,0,0.339651484726326,0,0,0.105823049086326,0.0642620428492659,0,0,0
0,0,0,0,0,0,0,0,0,0,0,0,0,0,0,0,0,0,0,0,0,0,0,0,0,0,0,0,0,0,0,0,0,0,0,0,0,0,0,0,0,0,0,0,0,0,0,0,0,0,0.0447761236304974,0.255486420513401,0.0104852866963236,0,0,0,0,0.00217462857582791,0,0.16807352382361,0,0,0,0,0,0,0.129666218969807,0,0,0,0,0.0214655221637494,0,0,0.036567813550657,0,0,0.225811573561524,0,0,0,0
0,0,0,0,0,0,0,0,0,0,0,0,0,0,0,0,0,0,0,0,0,0,0,0,0,0,0,0,0,0,0,0,0,0,0,0,0,0,0,0,0,0,0,0,0,0,0,0,0,0,0,0.051483269453225,0,0,0,0,0,0.454285481379188,0.16807352382361,0,0,0,0,0,0,0,0.219115111505129,0.00548953499149556,0,0,0,0,0,0,0.155815833654613,0,0,0.192841951487921,0.00980237335365646,0,0,0
0,0,0,0.0170466834457284,0,0,0,0,0,0.0949895074084234,0,0.0267061678871792,0,0,0,0,0,0,0,0.00485793008996739,0,0,0,0.0043585458050729,0,0,0,0.00326632015504861,0,0,0,0,0,0,0,0,0,0,0,0,0,0,0,0,1.24682875186363,0,0,0,0,0.00450118038313534,0.662634342457811,0.00379270462338141,0.548120642375107,0,0,0.00456639359497741,0,0,0,0,0,0,0,0,0.0271628014320172,0,0,0,0.129479496482668,0,0,0,0,0,0,0,0,0.0114724010835738,0,0,0,0
0,0,0,0,0,0,0,0,0,0,0,0,0,0,0,0.0110245576865958,0,0,0,0,0.0675407688614404,0,0.00176288066513078,0,0,0,0,0.000506882872874965,0,0,0,0,0,0,0.021675797030594,0.0188411815126923,0,0.000889291131037484,0,0,0,0,0,0,0,0,0,0,0,0,0,0,0,0,0,0,0.187354752202687,0.0017214760098977,0,0,0,0,0,0.984570368673825,0.0156762188140458,0,0,0,0.218844015718807,0,0.443896434146818,0,0,0,0.245871606839716,0.23056210291883,0.0107368336122611,0.383724024102256,0.362223104256974,0.0342773159255089,0,0
0,0,0,0,0,0,0,0,0.048955954346718,0,0,0,0,0,0,0.0251699839911624,0,0,0,0,0,0.181473986455134,0,0.00906682851942757,0,0,0.0375386360373885,0,0,0,0,0,0,0,0,0,0,0,0,0,0,0,0.308289292693761,0,0,0,0,0,0,0.398652123669464,0,0,0,0,0,0,0.368122981037561,0,0,0,0,0,0,0,0.130336508395325,0.021656997277848,0,0.238360419685344,0,0,0,0,0.00370653183943934,0,0,0,0,0,0,0,0,0
0,0,0,0,0,0,0.000532120372090666,0,0,0,0,0,0,0,0,0.00142000708383235,0,0,0,0,0.006074030591386,0,0.0893260812451747,0,0,0,0.0146560431626079,0.00136068942740246,0,0,0,0,0,0,0.00866737121685849,0.0286229513435526,0.00479750178795898,0.0392377777507354,0.00301986093982003,0,0,0,0,0.41929658132001,0,0,0,0.192434956962971,0,0,0,0,0,0,0,0,0.11637586142375,0.392066493756038,0,0,0,0.984570368673825,0,0,0,0,0.0173723267349102,0.211269697326869,0.0647886812144345,0,0.0614762854545688,0,0,0,0.072361973358448,0.193039878799616,0.0690485456690445,0.0634019135428858,0.351432103703988,0.00946811805443735,0,0
0,0.00410131919372046,0,0.0222513028213554,0.00101697592166204,0,0,0,0.0158200745512374,0.00718222302734793,0,0,0,0,0.00408657977394854,0.00158437717219933,0,0,0,0.00818031960982541,0.0287776490605944,0.00637940251214286,0,0.519868637414935,0.000673719102461822,0,0.011633527155962,0.138221130820689,0,0,0,0,0,0,0,0,0,0,0.0063863286729612,0,0,0,0.0416408919777594,0,0.25784137662888,0.0232526346251957,0.00301743251688271,0,0.00626785114914178,0.530407026927105,0.00061271304200268,0,0.083148378751876,0,0.00160389568617715,0.0367179966106514,0.253170524218193,0,0,0,0.0271628014320172,0.0156762188140458,0.130336508395325,0,0,0.030203244196765,0,0.0752808983239217,0.191293279418228,0,0,0,0.013714140130783,0,0,0.000532007088190596,0,0,0,0.0866055820599365,0,0
0,0.0448121159969058,0,0,0,0,0,0,0,0,0,0,0.0250967807379632,0,0,0,0,0,0,0,0,0,0,0.0031641705676858,0.106635357305134,0,0.0136284649681578,0,0,0,0,0,0,0,0,0,0,0,0,0,0.0111251817615905,0,0.316628085551621,0,0,0,0,0,0,0.0335778414157703,0,0,0,0.561978467352913,0,0,0,0,0,0,0,0,0.021656997277848,0,0.030203244196765,0,0,0.0937215431254525,0,0,0,0,0,0,0,0,0.0188093680257631,0.0108395011892058,0,0,0,0.269614812917963
0,0,0,0,0,0,0,0,0,0.00132815037559694,0,0,0,0,0,0,0,0,0,0,0,0,0,0,0,0.0189638062149275,0.00332012513817256,0,0,0,0.0276968991321106,0,0,0,0,0,0,0.00402464390391122,0.00142264883661876,0,0,0,0,0.489168969815703,0,0,0,0,0,0,0,0.0497796347980505,0.00139507941528073,0,0,0,0,0.115268230117565,0.129666218969807,0.219115111505129,0,0,0,0.0173723267349102,0,0,0,0.323891351458411,0,0,0,0.0310127340963997,0,0,0.00689084903637229,0.0149830341692177,0.0859620255734607,0.229167099099761,0.0937467272764682,0,0,0
0,0.027869597766695,0,0,0,0,0,0,0.00206798981699056,0,0,0,0.00296411873768646,0,0,0.00943113882023145,0,0,0,0,0,0.00184910828068681,0.0212087467295458,0.00439736356560073,0.00844610465273983,0.0890499478072253,0.866360738405368,0,0,0,0.0770091584385784,0,0,0,0.0225907704829644,0.00526641684268324,0.0222574279610917,0.0746706965326567,0.000539445658705029,0,0,0,0.121323681961163,0.361917950120282,0,0,0,0.0106193887489674,0.00357455579747119,0.00560941029000753,0,0,0,0.0218330705213685,0,0.00042977141131754,0.114026410610056,0.0650280302641759,0,0.00548953499149556,0,0,0.238360419685344,0.211269697326869,0.0752808983239217,0.0937215431254525,0.323891351458411,0,0,0,0,0.0222329956140278,0.000746282823213866,0,0,0.0570306101708573,0.0513806178478227,0.187306820554844,0.143897333747352,0,0,0
0,0,0,0.035387699404979,0,0,0.0145030628494608,0,0.000984573038699131,0.192730524243642,0,0.0341491350416089,0,0,0.000700998327480954,0,0,0,0,0.0142448796937783,0.0307925431715553,0,0,0.106987108249648,0,0,0,0.391170036267724,0,0,0,0,0,0,0.0590301880160345,0,0,0,0.0318628638687791,0,0,0,0,0,0.275612632803423,0,0,0.567623631513495,0.0357495922833333,0.01173979395007,0.480834453762513,0,0.0671583079608445,0,0.108114229166798,0,0.00071731131010845,0,0,0,0.129479496482668,0.218844015718807,0,0.0647886812144345,0.191293279418228,0,0,0,0,0.1190142748991,0.204282972015243,0,0.00531965023597451,0.00119829512700094,0.000865648148596382,0.289421108770966,0,0.483455673226059,0.0116720854839464,0.025101693599541,0.0266691798496856,0
0,0,0,0,0,0,0,0,0,0,0,0,0,0,0,0,0,0,0,0,0,0,0,0,0,0,0,0,0,0,0,0,0,0,0,0,0,0,0,0,0,0.120351796376214,0,0,0,0,0,0.0251322707159792,0.000496853246909982,0,0.0163068146497125,0.0766252102935643,0,0.00175200193285684,0.128159120810451,0,0,0,0,0,0,0,0,0,0,0,0,0,0.1190142748991,0,0.1602558276227,0,0.0323889817701278,0.0998689076009512,0.314799786170605,0,0,0.0664403181052438,0,0,0,0
0,0,0,0,0,0,0,0,0,0,0,0,0,0,0,0,0,0,0,0,0,0,0,0,0,0,0,0,0,0,0,0,0,0,0,0,0,0,0,0,0,0.135247775321589,0,0,0,0,0,0.377810932887977,0.00943061458139262,0,0,0,0,0,0.0382999733961421,0,0,0.108940378868077,0,0,0,0.443896434146818,0,0.0614762854545688,0,0,0,0,0.204282972015243,0.1602558276227,0,0,0,0.0549912074299203,0.234242053850111,0,0,0.0456857552190552,0,0,0,0
0,0,0,0,0,0,0,0,0,0,0.00504665404880264,0,0.0549917488597036,0,0,0,0,0,0,0,0,0,0,0.000878148206022074,0,0.00298441925998308,0.00437544607244032,0,0,0,0.458641856321246,0,0,0,0,0.0647582821131912,0,0,0,0,0,0,0,0,0,0,0,0,0,0,0,0.0229736739248884,0,0.154299242639261,0,0,0,0,0.0214655221637494,0,0,0,0,0,0,0,0.0310127340963997,0.0222329956140278,0,0,0,0,0,0,0.00870352562430237,0.0349673925624169,0.211372601081596,0.219448804099593,0.0902103751930229,0,0,0
0,0,0,0,0,0,0,0,0,0,0,0,0,0,0,0,0,0,0,0,0,0,0,0,0,0,0,0,0,0,0,0,0,0,0.0103531677698625,0,0,0,0,0,0,0,0,0,0.00219854361389552,0.0604701035986367,0.0432930002519404,0,0.0774223306328637,0.00988460659964689,0.0115700789274703,0.0395189710149618,0.035907749193145,0.00724501217951471,0.0376403588825237,0.0522047081718504,0,0,0,0,0,0,0.00370653183943934,0,0.013714140130783,0,0,0.000746282823213866,0.00531965023597451,0.0323889817701278,0,0,0,0,0.437366330970033,0.0217161631001538,0,0.00906123401396515,0,0.26535672737945,0.768901600064737,0
0,0,0,0,0,0,0,0,0,0,0,0,0,0,0,0,0,0,0,0,0,0,0,0,0,0,0,0,0,0,0,0,0,0,0,0,0,0,0,0,0,0,0,0,0,0,0,0,0,0,0,0,0,0,0.011307550080052,0,0,0,0,0,0,0,0,0,0,0,0,0,0.00119829512700094,0.0998689076009512,0.0549912074299203,0,0,0,0.0887734683762889,0,0,0.0327013602863785,0,0,0,0
0,0,0,0,0,0,0,0,0,0,0,0.00107859861043037,0,0,0,0,0,0,0,0,0,0,0,0,0,0,0,0,0,0,0,0,0,0.00116164357445943,0,0,0,0,0,0,0,0,0,0,0,0.00817176435811364,0,0.00158360089297618,0.000954650389243816,0,0.0221292382786961,0.487484643051448,0,0.0132487296320194,0.00745664202829594,0,0,0.339651484726326,0.036567813550657,0.155815833654613,0,0.245871606839716,0,0.072361973358448,0,0,0.00689084903637229,0,0.000865648148596382,0.314799786170605,0.234242053850111,0.00870352562430237,0.437366330970033,0.0887734683762889,0,0.00209951178184303,0,0.232592203562336,0,0,0.122173583084085,0.018845127280565
0,0,0,0,0,0,0.0048590088712569,0,0,0.0100653244666858,0,0.00905705240806523,0,0,0,0,0,0,0,0.00457801774363538,0,0,0.00757820799151322,0.0142120061324003,0,0.000833820118402198,0.0406318769612033,0.100545575753287,0,0,0.00493352234020952,0,0,0.0101346632542733,0.368605490766203,0.0338178762115026,0.00780764319111241,0.0141503901180713,0.0152306459176156,0.012918280978515,0,0,0,0,0.0055377834796663,0.0138031638679145,0.00695263291065191,0.00389666809706412,0.000670859469199814,0,0.00113115611110263,0,0,0,0,0,0,0,0,0,0,0.23056210291883,0,0.193039878799616,0.000532007088190596,0,0.0149830341692177,0.0570306101708573,0.289421108770966,0,0,0.0349673925624169,0.0217161631001538,0,0.00209951178184303,0,1.91431788059416,0.0293933413383066,0.0680542104054156,0.410166213282538,0.095208230854885,0.0595178322517034
0,0,0,0,0,0,0,0,0,0,0,0,0,0,0,0,0,0,0,0,0.000685972575702521,0,0.00169713977429454,0,0,0.0285133252648234,0.0288447201830112,0.0186971570308294,0,0,0.0701007718940707,0,0,0,0.122336112197238,0.0383233096551375,0.00140421538569188,0.00974771200119336,0,0,0.0322594970289714,0,0,0,0,0,0,0,0,0,0,0,0,0.0137574081719932,0,0,0,0,0,0,0,0.0107368336122611,0,0.0690485456690445,0,0.0188093680257631,0.0859620255734607,0.0513806178478227,0,0,0,0.211372601081596,0,0,0,1.91431788059416,0,0.0515396808003915,0.0824312095745656,0,0.00355254107716485,0.0979736534579124
0,0,0,0,0,0,0,0,0,0.0145380349558403,0.00105487084593432,0.00543167590869732,0.0228779928392513,0,0,0,0,0,0,0,0,0,0.00299772899883635,0,0,0,0.0173145706536379,0.00146959583450612,0,0,0,0,0,0.00396416909042491,0.0458692426914889,0,0.00501590586591156,0.0113328782937876,0.0012181130367299,0.00263853753019891,0.0160189672746884,0.00330550118366586,0,0,0.0144114740894636,0,0,0.237135163870547,0.0740623090979814,0,0.284437025356997,0.0810470766361167,0.187898456253015,0.0138600500935502,0.0878363733175277,0,0,0.105823049086326,0.225811573561524,0.192841951487921,0.0114724010835738,0.383724024102256,0,0.0634019135428858,0,0.0108395011892058,0.229167099099761,0.187306820554844,0.483455673226059,0.0664403181052438,0.0456857552190552,0.219448804099593,0.00906123401396515,0.0327013602863785,0.232592203562336,0.0293933413383066,0.0515396808003915,0,0.584655561189283,0.012628499439521,0.120994124774711,0.398606802255132
0,0,0,0,0,0,0.0094269844061003,0,0,0,0,0,0,0,0,0,0,0,0,0,0.00394161333758153,0,0.0303454764684551,0,0,0,0.0419587434887181,0.00825591042612518,0,0,0,0,0,0,0.0769946806284133,0,0.0708018827373897,0.636761762850823,0.165052521004577,0,0,0,0,0,0,0,0,0.00184456612376498,0.000720131417560402,0,0,0,0,0,0,0,0,0.0642620428492659,0,0.00980237335365646,0,0.362223104256974,0,0.351432103703988,0,0,0.0937467272764682,0.143897333747352,0.0116720854839464,0,0,0.0902103751930229,0,0,0,0.0680542104054156,0.0824312095745656,0.584655561189283,0,0.139805302694415,0.00982357222362695,0.0409019373219286
0,0,0,0.00163881508937228,0,0,0,0,0,0.00280228733419944,0,0,0,0,0,0,0,0,0,0.00179320474258941,0,0,0.000754726922058081,0,0,0,0,0.0020941242103258,0,0,0,0,0,0.00613539497578481,0.0441811083783788,0,0,0.00917026458941509,0.00726599831196235,0,0,0,0,0,0.0375672740323039,0.302947877925704,0.0943559032437145,0.00580955274030852,0.00923408364063523,0.0538330688085988,0.00310478417103875,0,0.0413721970849107,0,0.00600118057610869,0.223481875023502,0,0,0,0,0,0.0342773159255089,0,0.00946811805443735,0.0866055820599365,0,0,0,0.025101693599541,0,0,0,0.26535672737945,0,0,0.410166213282538,0,0.012628499439521,0.139805302694415,0,0.0864682669280078,0.00224784274787455
0,0,0,0,0,0,0,0,0,0.00283590827529596,0,0.00332635468106617,0,0,0,0,0,0,0,0,0,0,0,0,0,0,0,0.00222679708684534,0,0,0,0,0,0.0060475150827694,0.00538364724032851,0,0,0,0,0.00288762583143581,0,0,0,0,0.00256496754954478,0.130853338934755,0.0956346275835657,0.00218797755721397,0,0,0.00547327086988117,0,0.00247298548162156,0.00694929739667737,0,0,0,0,0,0,0,0,0,0,0,0,0,0,0.0266691798496856,0,0,0,0.768901600064737,0,0.122173583084085,0.095208230854885,0.00355254107716485,0.120994124774711,0.00982357222362695,0.0864682669280078,0,0.00387744652745483
0,0,0,0,0,0,0,0,0,0,0,0,0.00179352231328931,0,0,0,0,0,0,0,0,0,0,0,0,0,0,0,0,0,0,0,0,0,0,0.00945737908697321,0,0,0,0,0.110906057367223,0,0,0,0,0,0,0,0,0,0,0.0856934788199749,0,0.0525997402591902,0,0,0,0,0,0,0,0,0,0,0,0.269614812917963,0,0,0,0,0,0,0,0,0.018845127280565,0.0595178322517034,0.0979736534579124,0.398606802255132,0.0409019373219286,0.00224784274787455,0.00387744652745483,0
